"os","version","model","n","case","status","class","actual_method"
"windows","before","crr",5000,"get_facet","ok","facet_res/list","direct"
"windows","after","crr",5000,"get_fit_stats_boot","error","simpleError",""
"windows","before","cox",5000,"get_rpa_mp1_mlr","ok","flextable",""
"windows","after","cox",5000,"get_rpa","ok","list",""
"windows","after","cox",5000,"get_fit_stats","ok","list",""
"windows","after","cox",5000,"get_eff_cat","ok","eff_res/list",""
"windows","after","crr",5000,"get_facet_diff_serial","ok","list","unadj/direct"
"windows","after","cox",5000,"get_fit_stats_boot","ok","list",""
"windows","after","cox",5000,"get_rpa_mp1_mlr","ok","flextable",""
"windows","after","crr",5000,"get_facet","ok","facet_res/list","direct"
"windows","after","crr",5000,"get_facet_serial","ok","facet_res/list","direct"
"windows","after","crr",5000,"curve_direct","ok","adjustedcif","direct"
"windows","after","crr",5000,"get_facet_diff","ok","list","unadj/direct"
"windows","after","cox",5000,"get_rpa_mp2","error","simpleError",""
"windows","after","crr",5000,"get_cat","ok","cat_res/list","aalen_johansen/direct"
"windows","after","crr",5000,"get_fit_stats","error","simpleError",""
"windows","after","cox",5000,"get_facet_serial","ok","facet_res/list","direct"
"windows","before","cox",5000,"get_facet","ok","facet_res/list","direct"
"windows","after","crr",5000,"get_eff","ok","eff_res/list",""
"windows","after","cox",5000,"get_facet_diff_serial","ok","list","unadj/direct"
"windows","after","cox",5000,"get_score","ok","Score",""
"windows","before","cox",5000,"get_score_boot","ok","Score",""
"windows","before","cox",5000,"get_cat","ok","cat_res/list","km/direct"
"windows","after","crr",5000,"fit_hazard","ok","cifreg/phreg",""
"windows","after","cox",5000,"get_eff","ok","eff_res/list",""
"windows","before","crr",5000,"get_eff_cat","ok","eff_res/list",""
"windows","after","crr",5000,"get_inter","ok","get_inter/list",""
"windows","before","cox",5000,"fit_hazard","ok","coxph",""
"windows","after","cox",5000,"get_cat","ok","cat_res/list","km/direct"
"windows","before","cox",5000,"get_inter","ok","get_inter/list",""
"windows","before","cox",5000,"curve_direct","ok","adjustedsurv","direct"
"windows","after","crr",5000,"get_eff_sub","ok","eff_res/list",""
"windows","after","crr",5000,"get_eff_cat","ok","eff_res/list",""
"windows","before","cox",5000,"get_score","ok","Score",""
"windows","before","crr",5000,"get_eff_sub","ok","eff_res/list",""
"windows","before","cox",5000,"get_eff_cat","ok","eff_res/list",""
"windows","before","crr",5000,"get_facet_diff","ok","list","unadj/direct"
"windows","before","cox",5000,"get_rpa_mp1_rr","ok","flextable",""
"windows","before","crr",5000,"curve_CSC","ok","adjustedcif","direct"
"windows","after","cox",5000,"get_eff_sub","ok","eff_res/list",""
"windows","after","cox",5000,"get_inter","ok","get_inter/list",""
"windows","before","crr",5000,"get_cat","ok","cat_res/list","aalen_johansen/direct"
"windows","before","crr",5000,"fit_hazard","ok","tidycrr/hardhat_model/hardhat_scalar",""
"windows","after","crr",5000,"get_score_boot","ok","Score",""
"windows","after","crr",5000,"get_cat_no_ci","ok","cat_res/list","aalen_johansen/direct"
"windows","after","cox",5000,"get_facet_diff","ok","list","unadj/direct"
"windows","after","cox",5000,"get_cat_no_ci","ok","cat_res/list","km/direct"
"windows","before","crr",5000,"get_score","ok","Score",""
"windows","before","crr",5000,"get_inter","ok","get_inter/list",""
"windows","before","crr",5000,"get_score_boot","ok","Score",""
"windows","after","cox",5000,"curve_direct","ok","adjustedsurv","direct"
"windows","before","crr",5000,"curve_direct","ok","adjustedcif","direct"
"windows","after","crr",5000,"curve_CSC","ok","adjustedcif","direct"
"windows","after","cox",5000,"get_rpa_mp1_rr","ok","flextable",""
"windows","after","crr",5000,"get_inter_abs","ok","get_inter_abs/list",""
"windows","after","cox",5000,"get_facet","ok","facet_res/list","direct"
"windows","before","cox",5000,"get_rpa_mp2","error","purrr_error_indexed",""
"windows","before","crr",5000,"get_eff","ok","eff_res/list",""
"windows","before","cox",5000,"get_rpa","ok","list",""
"windows","before","cox",5000,"get_eff","ok","eff_res/list",""
"windows","before","crr",5000,"get_inter_abs","ok","get_inter_abs/list",""
"windows","after","cox",5000,"fit_hazard","ok","coxph",""
"windows","after","cox",5000,"get_inter_abs","ok","get_inter_abs/list",""
"windows","before","cox",5000,"get_facet_diff","ok","list","unadj/direct"
"windows","after","cox",5000,"get_score_boot","ok","Score",""
"windows","after","crr",5000,"get_score","ok","Score",""
"windows","before","cox",5000,"get_inter_abs","ok","get_inter_abs/list",""
"windows","before","cox",5000,"get_eff_sub","ok","eff_res/list",""
"windows","before","cox",10000,"get_eff_cat","ok","eff_res/list",""
"windows","before","crr",10000,"curve_CSC","ok","adjustedcif","direct"
"windows","before","crr",10000,"get_eff_sub","ok","eff_res/list",""
"windows","before","crr",10000,"get_facet","ok","facet_res/list","direct"
"windows","after","cox",10000,"curve_direct","ok","adjustedsurv","direct"
"windows","after","crr",10000,"fit_hazard","ok","cifreg/phreg",""
"windows","after","crr",10000,"get_facet","ok","facet_res/list","direct"
"windows","before","cox",10000,"get_inter_abs","ok","get_inter_abs/list",""
"windows","after","crr",10000,"get_score_boot","ok","Score",""
"windows","after","cox",10000,"get_fit_stats","ok","list",""
"windows","after","cox",10000,"get_rpa_mp1_rr","ok","flextable",""
"windows","after","cox",10000,"get_rpa","ok","list",""
"windows","before","cox",10000,"get_rpa_mp2","error","purrr_error_indexed",""
"windows","before","crr",10000,"get_inter_abs","ok","get_inter_abs/list",""
"windows","before","crr",10000,"curve_direct","ok","adjustedcif","direct"
"windows","after","cox",10000,"fit_hazard","ok","coxph",""
"windows","before","cox",10000,"get_score","ok","Score",""
"windows","before","cox",10000,"get_cat","ok","cat_res/list","km/direct"
"windows","after","cox",10000,"get_cat_no_ci","ok","cat_res/list","km/direct"
"windows","after","cox",10000,"get_facet_diff_serial","ok","list","unadj/direct"
"windows","after","crr",10000,"get_eff_cat","ok","eff_res/list",""
"windows","after","crr",10000,"get_fit_stats","error","simpleError",""
"windows","after","cox",10000,"get_eff_sub","ok","eff_res/list",""
"windows","before","cox",10000,"get_facet_diff","ok","list","unadj/direct"
"windows","after","crr",10000,"curve_CSC","ok","adjustedcif","direct"
"windows","before","cox",10000,"get_eff_sub","ok","eff_res/list",""
"windows","after","crr",10000,"curve_direct","ok","adjustedcif","direct"
"windows","before","cox",10000,"get_inter","ok","get_inter/list",""
"windows","before","cox",10000,"get_eff","ok","eff_res/list",""
"windows","after","crr",10000,"get_cat_no_ci","ok","cat_res/list","aalen_johansen/direct"
"windows","after","cox",10000,"get_fit_stats_boot","ok","list",""
"windows","after","cox",10000,"get_score_boot","ok","Score",""
"windows","after","crr",10000,"get_eff","ok","eff_res/list",""
"windows","before","crr",10000,"get_inter","ok","get_inter/list",""
"windows","after","cox",10000,"get_eff","ok","eff_res/list",""
"windows","after","cox",10000,"get_inter","ok","get_inter/list",""
"windows","before","crr",10000,"get_eff_cat","ok","eff_res/list",""
"windows","after","crr",10000,"get_inter","ok","get_inter/list",""
"windows","before","cox",10000,"get_rpa_mp1_rr","ok","flextable",""
"windows","after","cox",10000,"get_facet","ok","facet_res/list","direct"
"windows","after","crr",10000,"get_facet_diff_serial","ok","list","unadj/direct"
"windows","before","crr",10000,"fit_hazard","ok","tidycrr/hardhat_model/hardhat_scalar",""
"windows","before","cox",10000,"get_rpa","ok","list",""
"windows","after","cox",10000,"get_rpa_mp2","error","simpleError",""
"windows","before","crr",10000,"get_eff","ok","eff_res/list",""
"windows","after","crr",10000,"get_cat","ok","cat_res/list","aalen_johansen/direct"
"windows","before","crr",10000,"get_cat","timeout","",""
"windows","after","crr",10000,"get_score","ok","Score",""
"windows","after","crr",10000,"get_facet_diff","ok","list","unadj/direct"
"windows","after","cox",10000,"get_rpa_mp1_mlr","ok","flextable",""
"windows","before","cox",10000,"fit_hazard","ok","coxph",""
"windows","after","crr",10000,"get_eff_sub","ok","eff_res/list",""
"windows","before","cox",10000,"get_rpa_mp1_mlr","ok","flextable",""
"windows","after","crr",10000,"get_inter_abs","ok","get_inter_abs/list",""
"windows","after","cox",10000,"get_cat","ok","cat_res/list","km/direct"
"windows","before","crr",10000,"get_score","ok","Score",""
"windows","after","cox",10000,"get_facet_diff","ok","list","unadj/direct"
"windows","after","cox",10000,"get_inter_abs","ok","get_inter_abs/list",""
"windows","before","crr",10000,"get_facet_diff","ok","list","unadj/direct"
"windows","after","crr",10000,"get_fit_stats_boot","error","simpleError",""
"windows","before","cox",10000,"curve_direct","ok","adjustedsurv","direct"
"windows","after","cox",10000,"get_facet_serial","ok","facet_res/list","direct"
"windows","after","cox",10000,"get_eff_cat","ok","eff_res/list",""
"windows","after","crr",10000,"get_facet_serial","ok","facet_res/list","direct"
"windows","before","crr",10000,"get_score_boot","ok","Score",""
"windows","before","cox",10000,"get_score_boot","ok","Score",""
"windows","before","cox",10000,"get_facet","ok","facet_res/list","direct"
"windows","after","cox",10000,"get_score","ok","Score",""
"windows","before","cox",30000,"get_facet_diff","ok","list","unadj/direct"
"windows","before","crr",30000,"get_facet_diff","ok","list","unadj/direct"
"windows","before","cox",30000,"fit_hazard","ok","coxph",""
"windows","before","cox",30000,"curve_direct","ok","adjustedsurv","direct"
"windows","after","cox",30000,"get_rpa_mp2","error","simpleError",""
"windows","before","crr",30000,"get_score","ok","Score",""
"windows","after","crr",30000,"get_facet","ok","facet_res/list","direct"
"windows","after","cox",30000,"get_fit_stats","ok","list",""
"windows","before","crr",30000,"get_inter","ok","get_inter/list",""
"windows","after","crr",30000,"get_facet_serial","ok","facet_res/list","direct"
"windows","after","crr",30000,"get_cat","ok","cat_res/list","aalen_johansen/direct"
"windows","before","cox",30000,"get_inter_abs","ok","get_inter_abs/list",""
"windows","before","cox",30000,"get_score_boot","ok","Score",""
"windows","after","cox",30000,"get_facet_diff","ok","list","unadj/direct"
"windows","after","cox",30000,"get_rpa_mp1_mlr","ok","flextable",""
"windows","before","cox",30000,"get_score","ok","Score",""
"windows","after","cox",30000,"get_rpa","ok","list",""
"windows","before","crr",30000,"curve_CSC","timeout","",""
"windows","after","cox",30000,"get_eff","ok","eff_res/list",""
"windows","after","crr",30000,"get_score","ok","Score",""
"windows","before","crr",30000,"get_eff_sub","ok","eff_res/list",""
"windows","after","cox",30000,"get_eff_sub","ok","eff_res/list",""
"windows","after","cox",30000,"curve_direct","ok","adjustedsurv","direct"
"windows","before","crr",30000,"get_eff","timeout","",""
"windows","after","crr",30000,"get_cat_no_ci","ok","cat_res/list","aalen_johansen/direct"
"windows","after","crr",30000,"get_inter","ok","get_inter/list",""
"windows","after","cox",30000,"get_inter","ok","get_inter/list",""
"windows","after","crr",30000,"get_facet_diff","ok","list","unadj/direct"
"windows","before","crr",30000,"get_cat","timeout","",""
"windows","before","cox",30000,"get_rpa_mp2","error","purrr_error_indexed",""
"windows","after","crr",30000,"get_facet_diff_serial","ok","list","unadj/direct"
"windows","after","cox",30000,"get_facet","ok","facet_res/list","direct"
"windows","after","cox",30000,"get_facet_serial","ok","facet_res/list","direct"
"windows","after","crr",30000,"get_eff","ok","eff_res/list",""
"windows","after","cox",30000,"fit_hazard","ok","coxph",""
"windows","after","cox",30000,"get_score_boot","ok","Score",""
"windows","before","cox",30000,"get_eff_cat","ok","eff_res/list",""
"windows","after","cox",30000,"get_fit_stats_boot","ok","list",""
"windows","after","crr",30000,"get_inter_abs","ok","get_inter_abs/list",""
"windows","before","cox",30000,"get_rpa","timeout","",""
"windows","before","crr",30000,"get_facet","timeout","",""
"windows","before","cox",30000,"get_eff","ok","eff_res/list",""
"windows","before","cox",30000,"get_facet","ok","facet_res/list","direct"
"windows","before","crr",30000,"get_inter_abs","timeout","",""
"windows","after","cox",30000,"get_rpa_mp1_rr","ok","flextable",""
"windows","before","cox",30000,"get_eff_sub","ok","eff_res/list",""
"windows","before","crr",30000,"get_score_boot","timeout","",""
"windows","before","cox",30000,"get_rpa_mp1_mlr","ok","flextable",""
"windows","after","cox",30000,"get_cat","ok","cat_res/list","km/direct"
"windows","after","cox",30000,"get_cat_no_ci","ok","cat_res/list","km/direct"
"windows","after","crr",30000,"get_eff_cat","ok","eff_res/list",""
"windows","after","crr",30000,"get_fit_stats_boot","error","simpleError",""
"windows","before","cox",30000,"get_inter","ok","get_inter/list",""
"windows","after","crr",30000,"fit_hazard","ok","cifreg/phreg",""
"windows","before","crr",30000,"get_eff_cat","ok","eff_res/list",""
"windows","after","crr",30000,"curve_CSC","ok","adjustedcif","direct"
"windows","after","crr",30000,"get_eff_sub","ok","eff_res/list",""
"windows","after","crr",30000,"get_score_boot","ok","Score",""
"windows","after","crr",30000,"curve_direct","ok","adjustedcif","direct"
"windows","after","crr",30000,"get_fit_stats","error","simpleError",""
"windows","before","crr",30000,"curve_direct","timeout","",""
"windows","after","cox",30000,"get_facet_diff_serial","ok","list","unadj/direct"
"windows","before","cox",30000,"get_rpa_mp1_rr","ok","flextable",""
"windows","after","cox",30000,"get_score","ok","Score",""
"windows","after","cox",30000,"get_eff_cat","ok","eff_res/list",""
"windows","before","cox",30000,"get_cat","ok","cat_res/list","km/direct"
"windows","before","crr",30000,"fit_hazard","ok","tidycrr/hardhat_model/hardhat_scalar",""
"windows","after","cox",30000,"get_inter_abs","ok","get_inter_abs/list",""
"windows","after","cox",50000,"curve_direct","ok","adjustedsurv","direct"
"windows","before","cox",50000,"get_score_boot","ok","Score",""
"windows","after","crr",50000,"get_facet","ok","facet_res/list","direct"
"windows","after","crr",50000,"get_cat","ok","cat_res/list","aalen_johansen/direct"
"windows","before","crr",50000,"get_inter_abs","timeout","",""
"windows","after","crr",50000,"get_fit_stats","error","simpleError",""
"windows","after","cox",50000,"get_eff_cat","ok","eff_res/list",""
"windows","after","cox",50000,"get_eff_sub","ok","eff_res/list",""
"windows","after","cox",50000,"get_eff","ok","eff_res/list",""
"windows","after","cox",50000,"fit_hazard","ok","coxph",""
"windows","before","cox",50000,"get_score","ok","Score",""
"windows","after","crr",50000,"get_eff_sub","ok","eff_res/list",""
"windows","before","crr",50000,"get_eff_sub","timeout","",""
"windows","before","crr",50000,"curve_direct","timeout","",""
"windows","after","crr",50000,"get_score_boot","ok","Score",""
"windows","after","crr",50000,"get_facet_diff","ok","list","unadj/direct"
"windows","before","crr",50000,"get_score","ok","Score",""
"windows","before","cox",50000,"get_rpa_mp1_rr","ok","flextable",""
"windows","after","cox",50000,"get_score_boot","ok","Score",""
"windows","before","crr",50000,"curve_CSC","timeout","",""
"windows","before","cox",50000,"get_rpa_mp1_mlr","ok","flextable",""
"windows","after","cox",50000,"get_score","ok","Score",""
"windows","after","crr",50000,"get_fit_stats_boot","error","simpleError",""
"windows","before","crr",50000,"get_inter","ok","get_inter/list",""
"windows","after","cox",50000,"get_fit_stats_boot","ok","list",""
"windows","after","cox",50000,"get_rpa_mp2","error","simpleError",""
"windows","before","cox",50000,"get_facet_diff","ok","list","unadj/direct"
"windows","before","cox",50000,"get_eff_sub","ok","eff_res/list",""
"windows","before","cox",50000,"get_cat","timeout","",""
"windows","after","cox",50000,"get_facet","ok","facet_res/list","direct"
"windows","after","crr",50000,"get_eff_cat","ok","eff_res/list",""
"windows","before","crr",50000,"get_eff_cat","ok","eff_res/list",""
"windows","after","cox",50000,"get_inter","ok","get_inter/list",""
"windows","after","crr",50000,"get_score","ok","Score",""
"windows","before","crr",50000,"get_facet_diff","timeout","",""
"windows","after","crr",50000,"get_inter_abs","ok","get_inter_abs/list",""
"windows","after","crr",50000,"get_cat_no_ci","ok","cat_res/list","aalen_johansen/direct"
"windows","before","cox",50000,"get_inter","ok","get_inter/list",""
"windows","before","cox",50000,"get_eff","ok","eff_res/list",""
"windows","before","crr",50000,"fit_hazard","ok","tidycrr/hardhat_model/hardhat_scalar",""
"windows","after","cox",50000,"get_cat_no_ci","ok","cat_res/list","km/direct"
"windows","after","crr",50000,"get_inter","ok","get_inter/list",""
"windows","after","cox",50000,"get_facet_serial","ok","facet_res/list","direct"
"windows","after","cox",50000,"get_facet_diff_serial","ok","list","unadj/direct"
"windows","before","cox",50000,"get_inter_abs","ok","get_inter_abs/list",""
"windows","after","crr",50000,"fit_hazard","ok","cifreg/phreg",""
"windows","after","cox",50000,"get_rpa_mp1_mlr","ok","flextable",""
"windows","before","crr",50000,"get_eff","timeout","",""
"windows","before","cox",50000,"get_eff_cat","ok","eff_res/list",""
"windows","after","cox",50000,"get_rpa","ok","list",""
"windows","after","crr",50000,"curve_direct","ok","adjustedcif","direct"
"windows","before","cox",50000,"fit_hazard","ok","coxph",""
"windows","after","crr",50000,"get_facet_serial","ok","facet_res/list","direct"
"windows","before","cox",50000,"get_facet","ok","facet_res/list","direct"
"windows","before","cox",50000,"get_rpa_mp2","error","purrr_error_indexed",""
"windows","before","crr",50000,"get_score_boot","timeout","",""
"windows","after","cox",50000,"get_inter_abs","ok","get_inter_abs/list",""
"windows","after","cox",50000,"get_rpa_mp1_rr","ok","flextable",""
"windows","after","cox",50000,"get_fit_stats","ok","list",""
"windows","after","cox",50000,"get_facet_diff","ok","list","unadj/direct"
"windows","after","crr",50000,"get_eff","ok","eff_res/list",""
"windows","after","cox",50000,"get_cat","ok","cat_res/list","km/direct"
"windows","before","cox",50000,"curve_direct","timeout","",""
"windows","after","crr",50000,"get_facet_diff_serial","ok","list","unadj/direct"
"windows","before","crr",50000,"get_facet","timeout","",""
"windows","after","crr",50000,"curve_CSC","ok","adjustedcif","direct"
"windows","before","crr",50000,"get_cat","timeout","",""
"windows","before","cox",50000,"get_rpa","timeout","",""
"windows","after","cox",100000,"get_cat","ok","cat_res/list","km/direct"
"windows","before","cox",100000,"fit_hazard","ok","coxph",""
"windows","before","crr",100000,"get_eff_cat","timeout","",""
"windows","after","cox",100000,"get_facet_diff_serial","ok","list","unadj/direct"
"windows","after","crr",100000,"curve_CSC","ok","adjustedcif","direct"
"windows","before","cox",100000,"get_score","ok","Score",""
"windows","after","crr",100000,"get_inter_abs","ok","get_inter_abs/list",""
"windows","after","cox",100000,"curve_direct","ok","adjustedsurv","direct"
"windows","after","cox",100000,"get_facet_diff","ok","list","unadj/direct"
"windows","before","cox",100000,"get_inter","ok","get_inter/list",""
"windows","after","cox",100000,"get_score","ok","Score",""
"windows","after","cox",100000,"get_eff_cat","ok","eff_res/list",""
"windows","before","cox",100000,"get_rpa_mp1_mlr","ok","flextable",""
"windows","after","crr",100000,"get_cat_no_ci","ok","cat_res/list","aalen_johansen/direct"
"windows","before","cox",100000,"get_cat","timeout","",""
"windows","after","crr",100000,"get_eff_sub","ok","eff_res/list",""
"windows","after","cox",100000,"fit_hazard","ok","coxph",""
"windows","after","crr",100000,"curve_direct","ok","adjustedcif","direct"
"windows","before","cox",100000,"get_facet_diff","ok","list","unadj/direct"
"windows","after","cox",100000,"get_eff","ok","eff_res/list",""
"windows","after","crr",100000,"get_facet","ok","facet_res/list","direct"
"windows","after","cox",100000,"get_rpa_mp1_mlr","ok","flextable",""
"windows","before","cox",100000,"get_eff_sub","ok","eff_res/list",""
"windows","before","cox",100000,"curve_direct","timeout","",""
"windows","before","crr",100000,"get_score_boot","timeout","",""
"windows","before","crr",100000,"curve_direct","timeout","",""
"windows","before","cox",100000,"get_inter_abs","ok","get_inter_abs/list",""
"windows","before","crr",100000,"get_cat","timeout","",""
"windows","after","cox",100000,"get_inter","ok","get_inter/list",""
"windows","before","cox",100000,"get_facet","ok","facet_res/list","direct"
"windows","after","cox",100000,"get_fit_stats","ok","list",""
"windows","after","crr",100000,"get_cat","ok","cat_res/list","aalen_johansen/direct"
"windows","after","crr",100000,"get_inter","ok","get_inter/list",""
"windows","before","crr",100000,"get_inter_abs","timeout","",""
"windows","before","cox",100000,"get_eff","ok","eff_res/list",""
"windows","before","cox",100000,"get_rpa_mp1_rr","ok","flextable",""
"windows","after","crr",100000,"get_facet_serial","ok","facet_res/list","direct"
"windows","before","crr",100000,"fit_hazard","timeout","",""
"windows","after","crr",100000,"fit_hazard","ok","cifreg/phreg",""
"windows","after","crr",100000,"get_fit_stats_boot","error","simpleError",""
"windows","after","crr",100000,"get_score","ok","Score",""
"windows","before","crr",100000,"get_score","timeout","",""
"windows","after","cox",100000,"get_eff_sub","ok","eff_res/list",""
"windows","after","cox",100000,"get_rpa_mp2","error","simpleError",""
"windows","after","cox",100000,"get_rpa","timeout","",""
"windows","before","crr",100000,"get_eff","timeout","",""
"windows","before","crr",100000,"get_facet","timeout","",""
"windows","before","cox",100000,"get_score_boot","ok","Score",""
"windows","after","cox",100000,"get_rpa_mp1_rr","ok","flextable",""
"windows","after","crr",100000,"get_eff_cat","ok","eff_res/list",""
"windows","after","crr",100000,"get_facet_diff","ok","list","unadj/direct"
"windows","after","cox",100000,"get_facet","ok","facet_res/list","direct"
"windows","after","cox",100000,"get_fit_stats_boot","ok","list",""
"windows","after","cox",100000,"get_facet_serial","ok","facet_res/list","direct"
"windows","after","crr",100000,"get_score_boot","ok","Score",""
"windows","before","cox",100000,"get_eff_cat","ok","eff_res/list",""
"windows","after","crr",100000,"get_fit_stats","error","simpleError",""
"windows","before","crr",100000,"get_inter","timeout","",""
"windows","after","crr",100000,"get_facet_diff_serial","ok","list","unadj/direct"
"windows","before","crr",100000,"curve_CSC","timeout","",""
"windows","after","crr",100000,"get_eff","ok","eff_res/list",""
"windows","before","crr",100000,"get_facet_diff","timeout","",""
"windows","before","crr",100000,"get_eff_sub","timeout","",""
"windows","before","cox",100000,"get_rpa_mp2","error","purrr_error_indexed",""
"windows","after","cox",100000,"get_cat_no_ci","ok","cat_res/list","km/direct"
"windows","after","cox",100000,"get_inter_abs","ok","get_inter_abs/list",""
"windows","before","cox",100000,"get_rpa","timeout","",""
"windows","after","cox",100000,"get_score_boot","ok","Score",""
"windows","after","crr",5000,"get_fit_stats_simple","ok","list",""
"windows","after","cox",5000,"get_fit_stats_simple_boot","ok","list",""
"windows","after","cox",5000,"get_fit_stats_simple","ok","list",""
"windows","before","cox",5000,"get_rpa_mp2_raw","ok","flextable",""
"windows","after","cox",5000,"get_rpa_mp2_raw","ok","flextable",""
"windows","after","crr",5000,"get_fit_stats_simple_boot","ok","list",""
"windows","after","cox",10000,"get_fit_stats_simple_boot","ok","list",""
"windows","after","cox",10000,"get_fit_stats_simple","ok","list",""
"windows","after","cox",10000,"get_rpa_mp2_raw","ok","flextable",""
"windows","after","crr",10000,"get_fit_stats_simple","ok","list",""
"windows","before","cox",10000,"get_rpa_mp2_raw","ok","flextable",""
"windows","after","crr",10000,"get_fit_stats_simple_boot","ok","list",""
"windows","after","cox",30000,"get_rpa_mp2_raw","ok","flextable",""
"windows","after","cox",30000,"get_fit_stats_simple","ok","list",""
"windows","before","cox",30000,"get_rpa_mp2_raw","ok","flextable",""
"windows","after","crr",30000,"get_fit_stats_simple","ok","list",""
"windows","after","crr",30000,"get_fit_stats_simple_boot","ok","list",""
"windows","after","cox",30000,"get_fit_stats_simple_boot","ok","list",""
"windows","after","cox",50000,"get_fit_stats_simple_boot","ok","list",""
"windows","after","crr",50000,"get_fit_stats_simple","ok","list",""
"windows","before","cox",50000,"get_rpa_mp2_raw","ok","flextable",""
"windows","after","crr",50000,"get_fit_stats_simple_boot","ok","list",""
"windows","after","cox",50000,"get_fit_stats_simple","ok","list",""
"windows","after","cox",50000,"get_rpa_mp2_raw","ok","flextable",""
"windows","after","crr",100000,"get_fit_stats_simple","ok","list",""
"windows","after","crr",100000,"get_fit_stats_simple_boot","ok","list",""
"windows","after","cox",100000,"get_rpa_mp2_raw","ok","flextable",""
"windows","after","cox",100000,"get_fit_stats_simple_boot","ok","list",""
"windows","after","cox",100000,"get_fit_stats_simple","ok","list",""
"windows","before","cox",100000,"get_rpa_mp2_raw","ok","flextable",""
"windows","latest","cox",5000,"get_score_all_boot","ok","Score",""
"windows","latest","crr",5000,"get_score_boot","ok","Score",""
"windows","latest","cox",5000,"get_fit_stats","ok","list",""
"windows","latest","cox",5000,"get_score","ok","Score",""
"windows","latest","cox",5000,"get_fit_stats_simple_boot","ok","list",""
"windows","latest","crr",5000,"get_fit_stats_boot","error","simpleError",""
"windows","latest","cox",5000,"get_fit_stats_boot","ok","list",""
"windows","latest","crr",5000,"get_score","ok","Score",""
"windows","latest","crr",5000,"get_score_all","ok","Score",""
"windows","latest","crr",5000,"get_score_all_boot","ok","Score",""
"windows","latest","crr",5000,"get_fit_stats","error","simpleError",""
"windows","latest","cox",5000,"get_score_boot","ok","Score",""
"windows","latest","cox",5000,"get_score_all","ok","Score",""
"windows","latest","cox",5000,"get_fit_stats_simple","ok","list",""
"windows","latest","crr",5000,"get_fit_stats_simple","ok","list",""
"windows","latest","crr",5000,"get_fit_stats_simple_boot","ok","list",""
"windows","latest","crr",10000,"get_score_all","ok","Score",""
"windows","latest","cox",10000,"get_score_all","ok","Score",""
"windows","latest","crr",10000,"get_score_all_boot","ok","Score",""
"windows","latest","crr",10000,"get_fit_stats","error","simpleError",""
"windows","latest","crr",10000,"get_fit_stats_simple_boot","ok","list",""
"windows","latest","cox",10000,"get_fit_stats_simple","ok","list",""
"windows","latest","cox",10000,"get_fit_stats_boot","ok","list",""
"windows","latest","cox",10000,"get_score","ok","Score",""
"windows","latest","crr",10000,"get_fit_stats_boot","error","simpleError",""
"windows","latest","cox",10000,"get_fit_stats","ok","list",""
"windows","latest","cox",10000,"get_fit_stats_simple_boot","ok","list",""
"windows","latest","cox",10000,"get_score_all_boot","ok","Score",""
"windows","latest","crr",10000,"get_score_boot","ok","Score",""
"windows","latest","crr",10000,"get_score","ok","Score",""
"windows","latest","cox",10000,"get_score_boot","ok","Score",""
"windows","latest","crr",10000,"get_fit_stats_simple","ok","list",""
"windows","latest","crr",30000,"get_fit_stats_boot","error","simpleError",""
"windows","latest","crr",30000,"get_score","ok","Score",""
"windows","latest","crr",30000,"get_score_boot","ok","Score",""
"windows","latest","cox",30000,"get_score_boot","ok","Score",""
"windows","latest","cox",30000,"get_fit_stats_boot","ok","list",""
"windows","latest","cox",30000,"get_score","ok","Score",""
"windows","latest","cox",30000,"get_fit_stats","ok","list",""
"windows","latest","cox",30000,"get_score_all_boot","ok","Score",""
"windows","latest","crr",30000,"get_fit_stats","error","simpleError",""
"windows","latest","crr",30000,"get_score_all","ok","Score",""
"windows","latest","crr",30000,"get_fit_stats_simple_boot","ok","list",""
"windows","latest","cox",30000,"get_fit_stats_simple","ok","list",""
"windows","latest","crr",30000,"get_fit_stats_simple","ok","list",""
"windows","latest","crr",30000,"get_score_all_boot","ok","Score",""
"windows","latest","cox",30000,"get_fit_stats_simple_boot","ok","list",""
"windows","latest","cox",30000,"get_score_all","ok","Score",""
"windows","latest","cox",50000,"get_score","ok","Score",""
"windows","latest","cox",50000,"get_fit_stats_boot","ok","list",""
"windows","latest","crr",50000,"get_fit_stats_simple_boot","ok","list",""
"windows","latest","cox",50000,"get_fit_stats_simple","ok","list",""
"windows","latest","crr",50000,"get_score_all","ok","Score",""
"windows","latest","cox",50000,"get_score_all_boot","ok","Score",""
"windows","latest","cox",50000,"get_fit_stats_simple_boot","ok","list",""
"windows","latest","crr",50000,"get_fit_stats_simple","ok","list",""
"windows","latest","crr",50000,"get_score","ok","Score",""
"windows","latest","cox",50000,"get_score_boot","ok","Score",""
"windows","latest","crr",50000,"get_score_all_boot","ok","Score",""
"windows","latest","cox",50000,"get_score_all","ok","Score",""
"windows","latest","crr",50000,"get_score_boot","ok","Score",""
"windows","latest","crr",50000,"get_fit_stats","error","simpleError",""
"windows","latest","crr",50000,"get_fit_stats_boot","error","simpleError",""
"windows","latest","cox",50000,"get_fit_stats","ok","list",""
"windows","latest","cox",100000,"get_score","ok","Score",""
"windows","latest","crr",100000,"get_fit_stats_simple","ok","list",""
"windows","latest","crr",100000,"get_fit_stats","error","simpleError",""
"windows","latest","crr",100000,"get_score_all_boot","ok","Score",""
"windows","latest","cox",100000,"get_fit_stats_boot","ok","list",""
"windows","latest","crr",100000,"get_score_all","ok","Score",""
"windows","latest","cox",100000,"get_score_all_boot","ok","Score",""
"windows","latest","cox",100000,"get_fit_stats","ok","list",""
"windows","latest","cox",100000,"get_score_boot","ok","Score",""
"windows","latest","crr",100000,"get_score_boot","ok","Score",""
"windows","latest","cox",100000,"get_fit_stats_simple","ok","list",""
"windows","latest","cox",100000,"get_fit_stats_simple_boot","ok","list",""
"windows","latest","crr",100000,"get_fit_stats_simple_boot","ok","list",""
"windows","latest","crr",100000,"get_fit_stats_boot","error","simpleError",""
"windows","latest","crr",100000,"get_score","ok","Score",""
"windows","latest","cox",100000,"get_score_all","ok","Score",""
"linux","before","crr",5000,"get_facet","ok","facet_res/list","direct"
"linux","after","crr",5000,"get_fit_stats_boot","error","simpleError",""
"linux","before","cox",5000,"get_rpa_mp1_mlr","ok","flextable",""
"linux","after","cox",5000,"get_rpa","ok","list",""
"linux","after","cox",5000,"get_fit_stats","ok","list",""
"linux","after","cox",5000,"get_eff_cat","ok","eff_res/list",""
"linux","after","crr",5000,"get_facet_diff_serial","ok","list","unadj/direct"
"linux","after","cox",5000,"get_fit_stats_boot","ok","list",""
"linux","after","cox",5000,"get_rpa_mp1_mlr","ok","flextable",""
"linux","after","crr",5000,"get_facet","ok","facet_res/list","direct"
"linux","after","crr",5000,"get_facet_serial","ok","facet_res/list","direct"
"linux","after","crr",5000,"curve_direct","ok","adjustedcif","direct"
"linux","after","crr",5000,"get_facet_diff","ok","list","unadj/direct"
"linux","after","cox",5000,"get_rpa_mp2","error","simpleError",""
"linux","after","crr",5000,"get_cat","ok","cat_res/list","aalen_johansen/direct"
"linux","after","crr",5000,"get_fit_stats","error","simpleError",""
"linux","after","cox",5000,"get_facet_serial","ok","facet_res/list","direct"
"linux","before","cox",5000,"get_facet","ok","facet_res/list","direct"
"linux","after","crr",5000,"get_eff","ok","eff_res/list",""
"linux","after","cox",5000,"get_facet_diff_serial","ok","list","unadj/direct"
"linux","after","cox",5000,"get_score","ok","Score",""
"linux","before","cox",5000,"get_score_boot","ok","Score",""
"linux","before","cox",5000,"get_cat","ok","cat_res/list","km/direct"
"linux","after","crr",5000,"fit_hazard","ok","cifreg/phreg",""
"linux","after","cox",5000,"get_eff","ok","eff_res/list",""
"linux","before","crr",5000,"get_eff_cat","ok","eff_res/list",""
"linux","after","crr",5000,"get_inter","ok","get_inter/list",""
"linux","before","cox",5000,"fit_hazard","ok","coxph",""
"linux","after","cox",5000,"get_cat","ok","cat_res/list","km/direct"
"linux","before","cox",5000,"get_inter","ok","get_inter/list",""
"linux","before","cox",5000,"curve_direct","ok","adjustedsurv","direct"
"linux","after","crr",5000,"get_eff_sub","ok","eff_res/list",""
"linux","after","crr",5000,"get_eff_cat","ok","eff_res/list",""
"linux","before","cox",5000,"get_score","ok","Score",""
"linux","before","crr",5000,"get_eff_sub","ok","eff_res/list",""
"linux","before","cox",5000,"get_eff_cat","ok","eff_res/list",""
"linux","before","crr",5000,"get_facet_diff","ok","list","unadj/direct"
"linux","before","cox",5000,"get_rpa_mp1_rr","ok","flextable",""
"linux","before","crr",5000,"curve_CSC","ok","adjustedcif","direct"
"linux","after","cox",5000,"get_eff_sub","ok","eff_res/list",""
"linux","after","cox",5000,"get_inter","ok","get_inter/list",""
"linux","before","crr",5000,"get_cat","ok","cat_res/list","aalen_johansen/direct"
"linux","before","crr",5000,"fit_hazard","ok","tidycrr/hardhat_model/hardhat_scalar",""
"linux","after","crr",5000,"get_score_boot","ok","Score",""
"linux","after","crr",5000,"get_cat_no_ci","ok","cat_res/list","aalen_johansen/direct"
"linux","after","cox",5000,"get_facet_diff","ok","list","unadj/direct"
"linux","after","cox",5000,"get_cat_no_ci","ok","cat_res/list","km/direct"
"linux","before","crr",5000,"get_score","ok","Score",""
"linux","before","crr",5000,"get_inter","ok","get_inter/list",""
"linux","before","crr",5000,"get_score_boot","ok","Score",""
"linux","after","cox",5000,"curve_direct","ok","adjustedsurv","direct"
"linux","before","crr",5000,"curve_direct","ok","adjustedcif","direct"
"linux","after","crr",5000,"curve_CSC","ok","adjustedcif","direct"
"linux","after","cox",5000,"get_rpa_mp1_rr","ok","flextable",""
"linux","after","crr",5000,"get_inter_abs","ok","get_inter_abs/list",""
"linux","after","cox",5000,"get_facet","ok","facet_res/list","direct"
"linux","before","cox",5000,"get_rpa_mp2","error","purrr_error_indexed",""
"linux","before","crr",5000,"get_eff","ok","eff_res/list",""
"linux","before","cox",5000,"get_rpa","ok","list",""
"linux","before","cox",5000,"get_eff","ok","eff_res/list",""
"linux","before","crr",5000,"get_inter_abs","ok","get_inter_abs/list",""
"linux","after","cox",5000,"fit_hazard","ok","coxph",""
"linux","after","cox",5000,"get_inter_abs","ok","get_inter_abs/list",""
"linux","before","cox",5000,"get_facet_diff","ok","list","unadj/direct"
"linux","after","cox",5000,"get_score_boot","ok","Score",""
"linux","after","crr",5000,"get_score","ok","Score",""
"linux","before","cox",5000,"get_inter_abs","ok","get_inter_abs/list",""
"linux","before","cox",5000,"get_eff_sub","ok","eff_res/list",""
"linux","before","cox",10000,"get_eff_cat","ok","eff_res/list",""
"linux","before","crr",10000,"curve_CSC","ok","adjustedcif","direct"
"linux","before","crr",10000,"get_eff_sub","ok","eff_res/list",""
"linux","before","crr",10000,"get_facet","ok","facet_res/list","direct"
"linux","after","cox",10000,"curve_direct","ok","adjustedsurv","direct"
"linux","after","crr",10000,"fit_hazard","ok","cifreg/phreg",""
"linux","after","crr",10000,"get_facet","ok","facet_res/list","direct"
"linux","before","cox",10000,"get_inter_abs","ok","get_inter_abs/list",""
"linux","after","crr",10000,"get_score_boot","ok","Score",""
"linux","after","cox",10000,"get_fit_stats","ok","list",""
"linux","after","cox",10000,"get_rpa_mp1_rr","ok","flextable",""
"linux","after","cox",10000,"get_rpa","ok","list",""
"linux","before","cox",10000,"get_rpa_mp2","error","purrr_error_indexed",""
"linux","before","crr",10000,"get_inter_abs","ok","get_inter_abs/list",""
"linux","before","crr",10000,"curve_direct","ok","adjustedcif","direct"
"linux","after","cox",10000,"fit_hazard","ok","coxph",""
"linux","before","cox",10000,"get_score","ok","Score",""
"linux","before","cox",10000,"get_cat","ok","cat_res/list","km/direct"
"linux","after","cox",10000,"get_cat_no_ci","ok","cat_res/list","km/direct"
"linux","after","cox",10000,"get_facet_diff_serial","ok","list","unadj/direct"
"linux","after","crr",10000,"get_eff_cat","ok","eff_res/list",""
"linux","after","crr",10000,"get_fit_stats","error","simpleError",""
"linux","after","cox",10000,"get_eff_sub","ok","eff_res/list",""
"linux","before","cox",10000,"get_facet_diff","ok","list","unadj/direct"
"linux","after","crr",10000,"curve_CSC","ok","adjustedcif","direct"
"linux","before","cox",10000,"get_eff_sub","ok","eff_res/list",""
"linux","after","crr",10000,"curve_direct","ok","adjustedcif","direct"
"linux","before","cox",10000,"get_inter","ok","get_inter/list",""
"linux","before","cox",10000,"get_eff","ok","eff_res/list",""
"linux","after","crr",10000,"get_cat_no_ci","ok","cat_res/list","aalen_johansen/direct"
"linux","after","cox",10000,"get_fit_stats_boot","ok","list",""
"linux","after","cox",10000,"get_score_boot","ok","Score",""
"linux","after","crr",10000,"get_eff","ok","eff_res/list",""
"linux","before","crr",10000,"get_inter","ok","get_inter/list",""
"linux","after","cox",10000,"get_eff","ok","eff_res/list",""
"linux","after","cox",10000,"get_inter","ok","get_inter/list",""
"linux","before","crr",10000,"get_eff_cat","ok","eff_res/list",""
"linux","after","crr",10000,"get_inter","ok","get_inter/list",""
"linux","before","cox",10000,"get_rpa_mp1_rr","ok","flextable",""
"linux","after","cox",10000,"get_facet","ok","facet_res/list","direct"
"linux","after","crr",10000,"get_facet_diff_serial","ok","list","unadj/direct"
"linux","before","crr",10000,"fit_hazard","ok","tidycrr/hardhat_model/hardhat_scalar",""
"linux","before","cox",10000,"get_rpa","ok","list",""
"linux","after","cox",10000,"get_rpa_mp2","error","simpleError",""
"linux","before","crr",10000,"get_eff","ok","eff_res/list",""
"linux","after","crr",10000,"get_cat","ok","cat_res/list","aalen_johansen/direct"
"linux","before","crr",10000,"get_cat","ok","cat_res/list","aalen_johansen/direct"
"linux","after","crr",10000,"get_score","ok","Score",""
"linux","after","crr",10000,"get_facet_diff","ok","list","unadj/direct"
"linux","after","cox",10000,"get_rpa_mp1_mlr","ok","flextable",""
"linux","before","cox",10000,"fit_hazard","ok","coxph",""
"linux","after","crr",10000,"get_eff_sub","ok","eff_res/list",""
"linux","before","cox",10000,"get_rpa_mp1_mlr","ok","flextable",""
"linux","after","crr",10000,"get_inter_abs","ok","get_inter_abs/list",""
"linux","after","cox",10000,"get_cat","ok","cat_res/list","km/direct"
"linux","before","crr",10000,"get_score","ok","Score",""
"linux","after","cox",10000,"get_facet_diff","ok","list","unadj/direct"
"linux","after","cox",10000,"get_inter_abs","ok","get_inter_abs/list",""
"linux","before","crr",10000,"get_facet_diff","ok","list","unadj/direct"
"linux","after","crr",10000,"get_fit_stats_boot","error","simpleError",""
"linux","before","cox",10000,"curve_direct","ok","adjustedsurv","direct"
"linux","after","cox",10000,"get_facet_serial","ok","facet_res/list","direct"
"linux","after","cox",10000,"get_eff_cat","ok","eff_res/list",""
"linux","after","crr",10000,"get_facet_serial","ok","facet_res/list","direct"
"linux","before","crr",10000,"get_score_boot","ok","Score",""
"linux","before","cox",10000,"get_score_boot","ok","Score",""
"linux","before","cox",10000,"get_facet","ok","facet_res/list","direct"
"linux","after","cox",10000,"get_score","ok","Score",""
"linux","before","cox",30000,"get_facet_diff","ok","list","unadj/direct"
"linux","before","crr",30000,"get_facet_diff","ok","list","unadj/direct"
"linux","before","cox",30000,"fit_hazard","ok","coxph",""
"linux","before","cox",30000,"curve_direct","ok","adjustedsurv","direct"
"linux","after","cox",30000,"get_rpa_mp2","error","simpleError",""
"linux","before","crr",30000,"get_score","ok","Score",""
"linux","after","crr",30000,"get_facet","ok","facet_res/list","direct"
"linux","after","cox",30000,"get_fit_stats","ok","list",""
"linux","before","crr",30000,"get_inter","ok","get_inter/list",""
"linux","after","crr",30000,"get_facet_serial","ok","facet_res/list","direct"
"linux","after","crr",30000,"get_cat","ok","cat_res/list","aalen_johansen/direct"
"linux","before","cox",30000,"get_inter_abs","ok","get_inter_abs/list",""
"linux","before","cox",30000,"get_score_boot","ok","Score",""
"linux","after","cox",30000,"get_facet_diff","ok","list","unadj/direct"
"linux","after","cox",30000,"get_rpa_mp1_mlr","ok","flextable",""
"linux","before","cox",30000,"get_score","ok","Score",""
"linux","after","cox",30000,"get_rpa","ok","list",""
"linux","before","crr",30000,"curve_CSC","timeout","",""
"linux","after","cox",30000,"get_eff","ok","eff_res/list",""
"linux","after","crr",30000,"get_score","ok","Score",""
"linux","before","crr",30000,"get_eff_sub","ok","eff_res/list",""
"linux","after","cox",30000,"get_eff_sub","ok","eff_res/list",""
"linux","after","cox",30000,"curve_direct","ok","adjustedsurv","direct"
"linux","before","crr",30000,"get_eff","timeout","",""
"linux","after","crr",30000,"get_cat_no_ci","ok","cat_res/list","aalen_johansen/direct"
"linux","after","crr",30000,"get_inter","ok","get_inter/list",""
"linux","after","cox",30000,"get_inter","ok","get_inter/list",""
"linux","after","crr",30000,"get_facet_diff","ok","list","unadj/direct"
"linux","before","crr",30000,"get_cat","timeout","",""
"linux","before","cox",30000,"get_rpa_mp2","error","purrr_error_indexed",""
"linux","after","crr",30000,"get_facet_diff_serial","ok","list","unadj/direct"
"linux","after","cox",30000,"get_facet","ok","facet_res/list","direct"
"linux","after","cox",30000,"get_facet_serial","ok","facet_res/list","direct"
"linux","after","crr",30000,"get_eff","ok","eff_res/list",""
"linux","after","cox",30000,"fit_hazard","ok","coxph",""
"linux","after","cox",30000,"get_score_boot","ok","Score",""
"linux","before","cox",30000,"get_eff_cat","ok","eff_res/list",""
"linux","after","cox",30000,"get_fit_stats_boot","ok","list",""
"linux","after","crr",30000,"get_inter_abs","ok","get_inter_abs/list",""
"linux","before","cox",30000,"get_rpa","timeout","",""
"linux","before","crr",30000,"get_facet","ok","facet_res/list","direct"
"linux","before","cox",30000,"get_eff","ok","eff_res/list",""
"linux","before","cox",30000,"get_facet","ok","facet_res/list","direct"
"linux","before","crr",30000,"get_inter_abs","timeout","",""
"linux","after","cox",30000,"get_rpa_mp1_rr","ok","flextable",""
"linux","before","cox",30000,"get_eff_sub","ok","eff_res/list",""
"linux","before","crr",30000,"get_score_boot","ok","Score",""
"linux","before","cox",30000,"get_rpa_mp1_mlr","ok","flextable",""
"linux","after","cox",30000,"get_cat","ok","cat_res/list","km/direct"
"linux","after","cox",30000,"get_cat_no_ci","ok","cat_res/list","km/direct"
"linux","after","crr",30000,"get_eff_cat","ok","eff_res/list",""
"linux","after","crr",30000,"get_fit_stats_boot","error","simpleError",""
"linux","before","cox",30000,"get_inter","ok","get_inter/list",""
"linux","after","crr",30000,"fit_hazard","ok","cifreg/phreg",""
"linux","before","crr",30000,"get_eff_cat","ok","eff_res/list",""
"linux","after","crr",30000,"curve_CSC","ok","adjustedcif","direct"
"linux","after","crr",30000,"get_eff_sub","ok","eff_res/list",""
"linux","after","crr",30000,"get_score_boot","ok","Score",""
"linux","after","crr",30000,"curve_direct","ok","adjustedcif","direct"
"linux","after","crr",30000,"get_fit_stats","error","simpleError",""
"linux","before","crr",30000,"curve_direct","timeout","",""
"linux","after","cox",30000,"get_facet_diff_serial","ok","list","unadj/direct"
"linux","before","cox",30000,"get_rpa_mp1_rr","ok","flextable",""
"linux","after","cox",30000,"get_score","ok","Score",""
"linux","after","cox",30000,"get_eff_cat","ok","eff_res/list",""
"linux","before","cox",30000,"get_cat","ok","cat_res/list","km/direct"
"linux","before","crr",30000,"fit_hazard","ok","tidycrr/hardhat_model/hardhat_scalar",""
"linux","after","cox",30000,"get_inter_abs","ok","get_inter_abs/list",""
"linux","after","cox",50000,"curve_direct","ok","adjustedsurv","direct"
"linux","before","cox",50000,"get_score_boot","ok","Score",""
"linux","after","crr",50000,"get_facet","ok","facet_res/list","direct"
"linux","after","crr",50000,"get_cat","ok","cat_res/list","aalen_johansen/direct"
"linux","before","crr",50000,"get_inter_abs","timeout","",""
"linux","after","crr",50000,"get_fit_stats","error","simpleError",""
"linux","after","cox",50000,"get_eff_cat","ok","eff_res/list",""
"linux","after","cox",50000,"get_eff_sub","ok","eff_res/list",""
"linux","after","cox",50000,"get_eff","ok","eff_res/list",""
"linux","after","cox",50000,"fit_hazard","ok","coxph",""
"linux","before","cox",50000,"get_score","ok","Score",""
"linux","after","crr",50000,"get_eff_sub","ok","eff_res/list",""
"linux","before","crr",50000,"get_eff_sub","ok","eff_res/list",""
"linux","before","crr",50000,"curve_direct","timeout","",""
"linux","after","crr",50000,"get_score_boot","ok","Score",""
"linux","after","crr",50000,"get_facet_diff","ok","list","unadj/direct"
"linux","before","crr",50000,"get_score","ok","Score",""
"linux","before","cox",50000,"get_rpa_mp1_rr","ok","flextable",""
"linux","after","cox",50000,"get_score_boot","ok","Score",""
"linux","before","crr",50000,"curve_CSC","timeout","",""
"linux","before","cox",50000,"get_rpa_mp1_mlr","ok","flextable",""
"linux","after","cox",50000,"get_score","ok","Score",""
"linux","after","crr",50000,"get_fit_stats_boot","error","simpleError",""
"linux","before","crr",50000,"get_inter","ok","get_inter/list",""
"linux","after","cox",50000,"get_fit_stats_boot","ok","list",""
"linux","after","cox",50000,"get_rpa_mp2","error","simpleError",""
"linux","before","cox",50000,"get_facet_diff","ok","list","unadj/direct"
"linux","before","cox",50000,"get_eff_sub","ok","eff_res/list",""
"linux","before","cox",50000,"get_cat","timeout","",""
"linux","after","cox",50000,"get_facet","ok","facet_res/list","direct"
"linux","after","crr",50000,"get_eff_cat","ok","eff_res/list",""
"linux","before","crr",50000,"get_eff_cat","ok","eff_res/list",""
"linux","after","cox",50000,"get_inter","ok","get_inter/list",""
"linux","after","crr",50000,"get_score","ok","Score",""
"linux","before","crr",50000,"get_facet_diff","ok","list","unadj/direct"
"linux","after","crr",50000,"get_inter_abs","ok","get_inter_abs/list",""
"linux","after","crr",50000,"get_cat_no_ci","ok","cat_res/list","aalen_johansen/direct"
"linux","before","cox",50000,"get_inter","ok","get_inter/list",""
"linux","before","cox",50000,"get_eff","ok","eff_res/list",""
"linux","before","crr",50000,"fit_hazard","ok","tidycrr/hardhat_model/hardhat_scalar",""
"linux","after","cox",50000,"get_cat_no_ci","ok","cat_res/list","km/direct"
"linux","after","crr",50000,"get_inter","ok","get_inter/list",""
"linux","after","cox",50000,"get_facet_serial","ok","facet_res/list","direct"
"linux","after","cox",50000,"get_facet_diff_serial","ok","list","unadj/direct"
"linux","before","cox",50000,"get_inter_abs","ok","get_inter_abs/list",""
"linux","after","crr",50000,"fit_hazard","ok","cifreg/phreg",""
"linux","after","cox",50000,"get_rpa_mp1_mlr","ok","flextable",""
"linux","before","crr",50000,"get_eff","timeout","",""
"linux","before","cox",50000,"get_eff_cat","ok","eff_res/list",""
"linux","after","cox",50000,"get_rpa","ok","list",""
"linux","after","crr",50000,"curve_direct","ok","adjustedcif","direct"
"linux","before","cox",50000,"fit_hazard","ok","coxph",""
"linux","after","crr",50000,"get_facet_serial","ok","facet_res/list","direct"
"linux","before","cox",50000,"get_facet","ok","facet_res/list","direct"
"linux","before","cox",50000,"get_rpa_mp2","error","purrr_error_indexed",""
"linux","before","crr",50000,"get_score_boot","timeout","",""
"linux","after","cox",50000,"get_inter_abs","ok","get_inter_abs/list",""
"linux","after","cox",50000,"get_rpa_mp1_rr","ok","flextable",""
"linux","after","cox",50000,"get_fit_stats","ok","list",""
"linux","after","cox",50000,"get_facet_diff","ok","list","unadj/direct"
"linux","after","crr",50000,"get_eff","ok","eff_res/list",""
"linux","after","cox",50000,"get_cat","ok","cat_res/list","km/direct"
"linux","before","cox",50000,"curve_direct","timeout","",""
"linux","after","crr",50000,"get_facet_diff_serial","ok","list","unadj/direct"
"linux","before","crr",50000,"get_facet","ok","facet_res/list","direct"
"linux","after","crr",50000,"curve_CSC","ok","adjustedcif","direct"
"linux","before","crr",50000,"get_cat","timeout","",""
"linux","before","cox",50000,"get_rpa","timeout","",""
"linux","after","cox",100000,"get_cat","ok","cat_res/list","km/direct"
"linux","before","cox",100000,"fit_hazard","ok","coxph",""
"linux","before","crr",100000,"get_eff_cat","ok","eff_res/list",""
"linux","after","cox",100000,"get_facet_diff_serial","ok","list","unadj/direct"
"linux","after","crr",100000,"curve_CSC","timeout","",""
"linux","before","cox",100000,"get_score","ok","Score",""
"linux","after","crr",100000,"get_inter_abs","ok","get_inter_abs/list",""
"linux","after","cox",100000,"curve_direct","ok","adjustedsurv","direct"
"linux","after","cox",100000,"get_facet_diff","ok","list","unadj/direct"
"linux","before","cox",100000,"get_inter","ok","get_inter/list",""
"linux","after","cox",100000,"get_score","ok","Score",""
"linux","after","cox",100000,"get_eff_cat","ok","eff_res/list",""
"linux","before","cox",100000,"get_rpa_mp1_mlr","ok","flextable",""
"linux","after","crr",100000,"get_cat_no_ci","ok","cat_res/list","aalen_johansen/direct"
"linux","before","cox",100000,"get_cat","timeout","",""
"linux","after","crr",100000,"get_eff_sub","ok","eff_res/list",""
"linux","after","cox",100000,"fit_hazard","ok","coxph",""
"linux","after","crr",100000,"curve_direct","ok","adjustedcif","direct"
"linux","before","cox",100000,"get_facet_diff","ok","list","unadj/direct"
"linux","after","cox",100000,"get_eff","ok","eff_res/list",""
"linux","after","crr",100000,"get_facet","ok","facet_res/list","direct"
"linux","after","cox",100000,"get_rpa_mp1_mlr","ok","flextable",""
"linux","before","cox",100000,"get_eff_sub","ok","eff_res/list",""
"linux","before","cox",100000,"curve_direct","timeout","",""
"linux","before","crr",100000,"get_score_boot","timeout","",""
"linux","before","crr",100000,"curve_direct","timeout","",""
"linux","before","cox",100000,"get_inter_abs","ok","get_inter_abs/list",""
"linux","before","crr",100000,"get_cat","timeout","",""
"linux","after","cox",100000,"get_inter","ok","get_inter/list",""
"linux","before","cox",100000,"get_facet","ok","facet_res/list","direct"
"linux","after","cox",100000,"get_fit_stats","ok","list",""
"linux","after","crr",100000,"get_cat","ok","cat_res/list","aalen_johansen/direct"
"linux","after","crr",100000,"get_inter","ok","get_inter/list",""
"linux","before","crr",100000,"get_inter_abs","timeout","",""
"linux","before","cox",100000,"get_eff","ok","eff_res/list",""
"linux","before","cox",100000,"get_rpa_mp1_rr","ok","flextable",""
"linux","after","crr",100000,"get_facet_serial","ok","facet_res/list","direct"
"linux","before","crr",100000,"fit_hazard","ok","tidycrr/hardhat_model/hardhat_scalar",""
"linux","after","crr",100000,"fit_hazard","ok","cifreg/phreg",""
"linux","after","crr",100000,"get_fit_stats_boot","error","simpleError",""
"linux","after","crr",100000,"get_score","ok","Score",""
"linux","before","crr",100000,"get_score","ok","Score",""
"linux","after","cox",100000,"get_eff_sub","ok","eff_res/list",""
"linux","after","cox",100000,"get_rpa_mp2","error","simpleError",""
"linux","after","cox",100000,"get_rpa","timeout","",""
"linux","before","crr",100000,"get_eff","timeout","",""
"linux","before","crr",100000,"get_facet","timeout","",""
"linux","before","cox",100000,"get_score_boot","ok","Score",""
"linux","after","cox",100000,"get_rpa_mp1_rr","ok","flextable",""
"linux","after","crr",100000,"get_eff_cat","ok","eff_res/list",""
"linux","after","crr",100000,"get_facet_diff","ok","list","unadj/direct"
"linux","after","cox",100000,"get_facet","ok","facet_res/list","direct"
"linux","after","cox",100000,"get_fit_stats_boot","ok","list",""
"linux","after","cox",100000,"get_facet_serial","ok","facet_res/list","direct"
"linux","after","crr",100000,"get_score_boot","ok","Score",""
"linux","before","cox",100000,"get_eff_cat","ok","eff_res/list",""
"linux","after","crr",100000,"get_fit_stats","error","simpleError",""
"linux","before","crr",100000,"get_inter","ok","get_inter/list",""
"linux","after","crr",100000,"get_facet_diff_serial","ok","list","unadj/direct"
"linux","before","crr",100000,"curve_CSC","timeout","",""
"linux","after","crr",100000,"get_eff","ok","eff_res/list",""
"linux","before","crr",100000,"get_facet_diff","timeout","",""
"linux","before","crr",100000,"get_eff_sub","timeout","",""
"linux","before","cox",100000,"get_rpa_mp2","error","purrr_error_indexed",""
"linux","after","cox",100000,"get_cat_no_ci","ok","cat_res/list","km/direct"
"linux","after","cox",100000,"get_inter_abs","ok","get_inter_abs/list",""
"linux","before","cox",100000,"get_rpa","timeout","",""
"linux","after","cox",100000,"get_score_boot","ok","Score",""
"linux","after","crr",5000,"get_fit_stats_simple","ok","list",""
"linux","after","cox",5000,"get_fit_stats_simple_boot","ok","list",""
"linux","after","cox",5000,"get_fit_stats_simple","ok","list",""
"linux","before","cox",5000,"get_rpa_mp2_raw","ok","flextable",""
"linux","after","cox",5000,"get_rpa_mp2_raw","ok","flextable",""
"linux","after","crr",5000,"get_fit_stats_simple_boot","ok","list",""
"linux","after","cox",10000,"get_fit_stats_simple_boot","ok","list",""
"linux","after","cox",10000,"get_fit_stats_simple","ok","list",""
"linux","after","cox",10000,"get_rpa_mp2_raw","ok","flextable",""
"linux","after","crr",10000,"get_fit_stats_simple","ok","list",""
"linux","before","cox",10000,"get_rpa_mp2_raw","ok","flextable",""
"linux","after","crr",10000,"get_fit_stats_simple_boot","ok","list",""
"linux","after","cox",30000,"get_rpa_mp2_raw","ok","flextable",""
"linux","after","cox",30000,"get_fit_stats_simple","ok","list",""
"linux","before","cox",30000,"get_rpa_mp2_raw","ok","flextable",""
"linux","after","crr",30000,"get_fit_stats_simple","ok","list",""
"linux","after","crr",30000,"get_fit_stats_simple_boot","ok","list",""
"linux","after","cox",30000,"get_fit_stats_simple_boot","ok","list",""
"linux","after","cox",50000,"get_fit_stats_simple_boot","ok","list",""
"linux","after","crr",50000,"get_fit_stats_simple","ok","list",""
"linux","before","cox",50000,"get_rpa_mp2_raw","ok","flextable",""
"linux","after","crr",50000,"get_fit_stats_simple_boot","ok","list",""
"linux","after","cox",50000,"get_fit_stats_simple","ok","list",""
"linux","after","cox",50000,"get_rpa_mp2_raw","ok","flextable",""
"linux","after","crr",100000,"get_fit_stats_simple","ok","list",""
"linux","after","crr",100000,"get_fit_stats_simple_boot","ok","list",""
"linux","after","cox",100000,"get_rpa_mp2_raw","ok","flextable",""
"linux","after","cox",100000,"get_fit_stats_simple_boot","ok","list",""
"linux","after","cox",100000,"get_fit_stats_simple","ok","list",""
"linux","before","cox",100000,"get_rpa_mp2_raw","ok","flextable",""
"linux","latest","cox",5000,"get_score_all_boot","ok","Score",""
"linux","latest","crr",5000,"get_score_boot","ok","Score",""
"linux","latest","cox",5000,"get_fit_stats","ok","list",""
"linux","latest","cox",5000,"get_score","ok","Score",""
"linux","latest","cox",5000,"get_fit_stats_simple_boot","ok","list",""
"linux","latest","crr",5000,"get_fit_stats_boot","error","simpleError",""
"linux","latest","cox",5000,"get_fit_stats_boot","ok","list",""
"linux","latest","crr",5000,"get_score","ok","Score",""
"linux","latest","crr",5000,"get_score_all","ok","Score",""
"linux","latest","crr",5000,"get_score_all_boot","ok","Score",""
"linux","latest","crr",5000,"get_fit_stats","error","simpleError",""
"linux","latest","cox",5000,"get_score_boot","ok","Score",""
"linux","latest","cox",5000,"get_score_all","ok","Score",""
"linux","latest","cox",5000,"get_fit_stats_simple","ok","list",""
"linux","latest","crr",5000,"get_fit_stats_simple","ok","list",""
"linux","latest","crr",5000,"get_fit_stats_simple_boot","ok","list",""
"linux","latest","crr",10000,"get_score_all","ok","Score",""
"linux","latest","cox",10000,"get_score_all","ok","Score",""
"linux","latest","crr",10000,"get_score_all_boot","ok","Score",""
"linux","latest","crr",10000,"get_fit_stats","error","simpleError",""
"linux","latest","crr",10000,"get_fit_stats_simple_boot","ok","list",""
"linux","latest","cox",10000,"get_fit_stats_simple","ok","list",""
"linux","latest","cox",10000,"get_fit_stats_boot","ok","list",""
"linux","latest","cox",10000,"get_score","ok","Score",""
"linux","latest","crr",10000,"get_fit_stats_boot","error","simpleError",""
"linux","latest","cox",10000,"get_fit_stats","ok","list",""
"linux","latest","cox",10000,"get_fit_stats_simple_boot","ok","list",""
"linux","latest","cox",10000,"get_score_all_boot","ok","Score",""
"linux","latest","crr",10000,"get_score_boot","ok","Score",""
"linux","latest","crr",10000,"get_score","ok","Score",""
"linux","latest","cox",10000,"get_score_boot","ok","Score",""
"linux","latest","crr",10000,"get_fit_stats_simple","ok","list",""
"linux","latest","crr",30000,"get_fit_stats_boot","error","simpleError",""
"linux","latest","crr",30000,"get_score","ok","Score",""
"linux","latest","crr",30000,"get_score_boot","ok","Score",""
"linux","latest","cox",30000,"get_score_boot","ok","Score",""
"linux","latest","cox",30000,"get_fit_stats_boot","ok","list",""
"linux","latest","cox",30000,"get_score","ok","Score",""
"linux","latest","cox",30000,"get_fit_stats","ok","list",""
"linux","latest","cox",30000,"get_score_all_boot","ok","Score",""
"linux","latest","crr",30000,"get_fit_stats","error","simpleError",""
"linux","latest","crr",30000,"get_score_all","ok","Score",""
"linux","latest","crr",30000,"get_fit_stats_simple_boot","ok","list",""
"linux","latest","cox",30000,"get_fit_stats_simple","ok","list",""
"linux","latest","crr",30000,"get_fit_stats_simple","ok","list",""
"linux","latest","crr",30000,"get_score_all_boot","ok","Score",""
"linux","latest","cox",30000,"get_fit_stats_simple_boot","ok","list",""
"linux","latest","cox",30000,"get_score_all","ok","Score",""
"linux","latest","cox",50000,"get_score","ok","Score",""
"linux","latest","cox",50000,"get_fit_stats_boot","ok","list",""
"linux","latest","crr",50000,"get_fit_stats_simple_boot","ok","list",""
"linux","latest","cox",50000,"get_fit_stats_simple","ok","list",""
"linux","latest","crr",50000,"get_score_all","ok","Score",""
"linux","latest","cox",50000,"get_score_all_boot","ok","Score",""
"linux","latest","cox",50000,"get_fit_stats_simple_boot","ok","list",""
"linux","latest","crr",50000,"get_fit_stats_simple","ok","list",""
"linux","latest","crr",50000,"get_score","ok","Score",""
"linux","latest","cox",50000,"get_score_boot","ok","Score",""
"linux","latest","crr",50000,"get_score_all_boot","ok","Score",""
"linux","latest","cox",50000,"get_score_all","ok","Score",""
"linux","latest","crr",50000,"get_score_boot","ok","Score",""
"linux","latest","crr",50000,"get_fit_stats","error","simpleError",""
"linux","latest","crr",50000,"get_fit_stats_boot","error","simpleError",""
"linux","latest","cox",50000,"get_fit_stats","ok","list",""
"linux","latest","cox",100000,"get_score","ok","Score",""
"linux","latest","crr",100000,"get_fit_stats_simple","ok","list",""
"linux","latest","crr",100000,"get_fit_stats","error","simpleError",""
"linux","latest","crr",100000,"get_score_all_boot","ok","Score",""
"linux","latest","cox",100000,"get_fit_stats_boot","ok","list",""
"linux","latest","crr",100000,"get_score_all","ok","Score",""
"linux","latest","cox",100000,"get_score_all_boot","ok","Score",""
"linux","latest","cox",100000,"get_fit_stats","ok","list",""
"linux","latest","cox",100000,"get_score_boot","ok","Score",""
"linux","latest","crr",100000,"get_score_boot","ok","Score",""
"linux","latest","cox",100000,"get_fit_stats_simple","ok","list",""
"linux","latest","cox",100000,"get_fit_stats_simple_boot","ok","list",""
"linux","latest","crr",100000,"get_fit_stats_simple_boot","ok","list",""
"linux","latest","crr",100000,"get_fit_stats_boot","error","simpleError",""
"linux","latest","crr",100000,"get_score","ok","Score",""
"linux","latest","cox",100000,"get_score_all","ok","Score",""
