"os","version","R","package","package_version"
"windows","before","R version 4.4.3 (2025-02-28 ucrt)","RegR","0.1.3"
"windows","before","R version 4.4.3 (2025-02-28 ucrt)","survival","3.8.12"
"windows","before","R version 4.4.3 (2025-02-28 ucrt)","mets","1.3.13"
"windows","before","R version 4.4.3 (2025-02-28 ucrt)","riskRegression","2026.3.11"
"windows","before","R version 4.4.3 (2025-02-28 ucrt)","adjustedCurves","0.11.4"
"windows","before","R version 4.4.3 (2025-02-28 ucrt)","cmprsk","2.2.12"
"windows","before","R version 4.4.3 (2025-02-28 ucrt)","tidycmprsk","1.1.0"
"windows","before","R version 4.4.3 (2025-02-28 ucrt)","mlr3","1.8.0"
"windows","before","R version 4.4.3 (2025-02-28 ucrt)","mlr3proba","0.8.10"
"windows","before","R version 4.4.3 (2025-02-28 ucrt)","remss","1.0.1"
"windows","after","R version 4.4.3 (2025-02-28 ucrt)","RegR","0.1.3"
"windows","after","R version 4.4.3 (2025-02-28 ucrt)","survival","3.8.12"
"windows","after","R version 4.4.3 (2025-02-28 ucrt)","mets","1.3.13"
"windows","after","R version 4.4.3 (2025-02-28 ucrt)","riskRegression","2026.3.11"
"windows","after","R version 4.4.3 (2025-02-28 ucrt)","adjustedCurves","0.11.4"
"windows","after","R version 4.4.3 (2025-02-28 ucrt)","cmprsk","2.2.12"
"windows","after","R version 4.4.3 (2025-02-28 ucrt)","tidycmprsk","1.1.0"
"windows","after","R version 4.4.3 (2025-02-28 ucrt)","mlr3","1.8.0"
"windows","after","R version 4.4.3 (2025-02-28 ucrt)","mlr3proba","0.8.10"
"windows","after","R version 4.4.3 (2025-02-28 ucrt)","remss","1.0.1"
"windows","latest","R version 4.4.3 (2025-02-28 ucrt)","RegR","0.1.3"
"windows","latest","R version 4.4.3 (2025-02-28 ucrt)","survival","3.8.12"
"windows","latest","R version 4.4.3 (2025-02-28 ucrt)","mets","1.3.13"
"windows","latest","R version 4.4.3 (2025-02-28 ucrt)","riskRegression","2026.3.11"
"windows","latest","R version 4.4.3 (2025-02-28 ucrt)","adjustedCurves","0.11.4"
"windows","latest","R version 4.4.3 (2025-02-28 ucrt)","cmprsk","2.2.12"
"windows","latest","R version 4.4.3 (2025-02-28 ucrt)","tidycmprsk","1.1.0"
"windows","latest","R version 4.4.3 (2025-02-28 ucrt)","mlr3","1.8.0"
"windows","latest","R version 4.4.3 (2025-02-28 ucrt)","mlr3proba","0.8.10"
"windows","latest","R version 4.4.3 (2025-02-28 ucrt)","remss","1.0.1"
"linux","before","R version 4.4.3 (2025-02-28)","RegR","0.1.3"
"linux","before","R version 4.4.3 (2025-02-28)","survival","3.8.12"
"linux","before","R version 4.4.3 (2025-02-28)","mets","1.3.13"
"linux","before","R version 4.4.3 (2025-02-28)","riskRegression","2026.3.11"
"linux","before","R version 4.4.3 (2025-02-28)","adjustedCurves","0.11.4.9000"
"linux","before","R version 4.4.3 (2025-02-28)","cmprsk","2.2.12"
"linux","before","R version 4.4.3 (2025-02-28)","tidycmprsk","1.1.0"
"linux","before","R version 4.4.3 (2025-02-28)","mlr3","1.7.1"
"linux","before","R version 4.4.3 (2025-02-28)","mlr3proba","0.8.10"
"linux","before","R version 4.4.3 (2025-02-28)","remss","1.0.1"
"linux","after","R version 4.4.3 (2025-02-28)","RegR","0.1.3"
"linux","after","R version 4.4.3 (2025-02-28)","survival","3.8.12"
"linux","after","R version 4.4.3 (2025-02-28)","mets","1.3.13"
"linux","after","R version 4.4.3 (2025-02-28)","riskRegression","2026.3.11"
"linux","after","R version 4.4.3 (2025-02-28)","adjustedCurves","0.11.4.9000"
"linux","after","R version 4.4.3 (2025-02-28)","cmprsk","2.2.12"
"linux","after","R version 4.4.3 (2025-02-28)","tidycmprsk","1.1.0"
"linux","after","R version 4.4.3 (2025-02-28)","mlr3","1.7.1"
"linux","after","R version 4.4.3 (2025-02-28)","mlr3proba","0.8.10"
"linux","after","R version 4.4.3 (2025-02-28)","remss","1.0.1"
"linux","latest","R version 4.4.3 (2025-02-28)","RegR","0.1.3"
"linux","latest","R version 4.4.3 (2025-02-28)","survival","3.8.12"
"linux","latest","R version 4.4.3 (2025-02-28)","mets","1.3.13"
"linux","latest","R version 4.4.3 (2025-02-28)","riskRegression","2026.3.11"
"linux","latest","R version 4.4.3 (2025-02-28)","adjustedCurves","0.11.4.9000"
"linux","latest","R version 4.4.3 (2025-02-28)","cmprsk","2.2.12"
"linux","latest","R version 4.4.3 (2025-02-28)","tidycmprsk","1.1.0"
"linux","latest","R version 4.4.3 (2025-02-28)","mlr3","1.7.1"
"linux","latest","R version 4.4.3 (2025-02-28)","mlr3proba","0.8.10"
"linux","latest","R version 4.4.3 (2025-02-28)","remss","1.0.1"
