case,step,os,mode,n,R,cores,rep,version,elapsed
step1-windows-cox-10000-0-1-mixed,step1,windows,cox,10000,0,1,1,before,12.9
step1-windows-cox-10000-0-1-mixed,step1,windows,cox,10000,0,1,1,after,9.59
step1-windows-cox-10000-0-1-mixed,step1,windows,cox,10000,0,1,2,after,8.89
step1-windows-cox-10000-0-1-mixed,step1,windows,cox,10000,0,1,2,before,9.5
step1-windows-cox-10000-0-1-mixed,step1,windows,cox,10000,0,1,3,before,9.83
step1-windows-cox-10000-0-1-mixed,step1,windows,cox,10000,0,1,3,after,9.42
step1-wsl-cox-10000-0-1-mixed,step1,wsl,cox,10000,0,1,1,before,9.236
step1-wsl-cox-10000-0-1-mixed,step1,wsl,cox,10000,0,1,1,after,7.858
step1-wsl-cox-10000-0-1-mixed,step1,wsl,cox,10000,0,1,2,after,6.496
step1-wsl-cox-10000-0-1-mixed,step1,wsl,cox,10000,0,1,2,before,7.454
step1-wsl-cox-10000-0-1-mixed,step1,wsl,cox,10000,0,1,3,before,7.367
step1-wsl-cox-10000-0-1-mixed,step1,wsl,cox,10000,0,1,3,after,6.634
step3-windows-cox-10000-0-1-plain-fullwarm,step3,windows,cox,10000,0,1,1,before,4.22
step3-windows-cox-10000-0-1-plain-fullwarm,step3,windows,cox,10000,0,1,1,after,2.97
step3-windows-cox-10000-0-1-plain-fullwarm,step3,windows,cox,10000,0,1,2,after,4
step3-windows-cox-10000-0-1-plain-fullwarm,step3,windows,cox,10000,0,1,2,before,4.87
step3-windows-cox-10000-0-1-plain-fullwarm,step3,windows,cox,10000,0,1,3,before,4.08
step3-windows-cox-10000-0-1-plain-fullwarm,step3,windows,cox,10000,0,1,3,after,3.07
step3-windows-finegray-10000-0-1-plain-fullwarm,step3,windows,finegray,10000,0,1,1,before,4.69
step3-windows-finegray-10000-0-1-plain-fullwarm,step3,windows,finegray,10000,0,1,1,after,3.38
step3-windows-finegray-10000-0-1-plain-fullwarm,step3,windows,finegray,10000,0,1,2,after,3.44
step3-windows-finegray-10000-0-1-plain-fullwarm,step3,windows,finegray,10000,0,1,2,before,5.22
step3-windows-finegray-10000-0-1-plain-fullwarm,step3,windows,finegray,10000,0,1,3,before,4.25
step3-windows-finegray-10000-0-1-plain-fullwarm,step3,windows,finegray,10000,0,1,3,after,3.47
step3-wsl-cox-10000-0-1-plain-fullwarm,step3,wsl,cox,10000,0,1,1,before,4.056
step3-wsl-cox-10000-0-1-plain-fullwarm,step3,wsl,cox,10000,0,1,1,after,2.272
step3-wsl-cox-10000-0-1-plain-fullwarm,step3,wsl,cox,10000,0,1,2,after,2.722
step3-wsl-cox-10000-0-1-plain-fullwarm,step3,wsl,cox,10000,0,1,2,before,4.032
step3-wsl-cox-10000-0-1-plain-fullwarm,step3,wsl,cox,10000,0,1,3,before,3.169
step3-wsl-cox-10000-0-1-plain-fullwarm,step3,wsl,cox,10000,0,1,3,after,2.483
step3-wsl-finegray-10000-0-1-plain-fullwarm,step3,wsl,finegray,10000,0,1,1,before,4.313
step3-wsl-finegray-10000-0-1-plain-fullwarm,step3,wsl,finegray,10000,0,1,1,after,2.976
step3-wsl-finegray-10000-0-1-plain-fullwarm,step3,wsl,finegray,10000,0,1,2,after,3.227
step3-wsl-finegray-10000-0-1-plain-fullwarm,step3,wsl,finegray,10000,0,1,2,before,4.937
step3-wsl-finegray-10000-0-1-plain-fullwarm,step3,wsl,finegray,10000,0,1,3,before,3.445
step3-wsl-finegray-10000-0-1-plain-fullwarm,step3,wsl,finegray,10000,0,1,3,after,2.566
step4-windows-cox-1000-100-4-plain,step4,windows,cox,1000,100,4,1,before,25.27
step4-windows-cox-1000-100-4-plain,step4,windows,cox,1000,100,4,1,after,15.19
step4-windows-cox-1000-100-4-plain,step4,windows,cox,1000,100,4,2,after,16.88
step4-windows-cox-1000-100-4-plain,step4,windows,cox,1000,100,4,2,before,24.09
step4-windows-cox-1000-100-4-plain,step4,windows,cox,1000,100,4,3,before,21.75
step4-windows-cox-1000-100-4-plain,step4,windows,cox,1000,100,4,3,after,15.23
step4-wsl-cox-1000-100-2-plain,step4,wsl,cox,1000,100,2,1,before,9.208
step4-wsl-cox-1000-100-2-plain,step4,wsl,cox,1000,100,2,1,after,4.373
step4-wsl-cox-1000-100-2-plain,step4,wsl,cox,1000,100,2,2,after,4.976
step4-wsl-cox-1000-100-2-plain,step4,wsl,cox,1000,100,2,2,before,6.235
step4-wsl-cox-1000-100-2-plain,step4,wsl,cox,1000,100,2,3,before,5.576
step4-wsl-cox-1000-100-2-plain,step4,wsl,cox,1000,100,2,3,after,5.115
step4-wsl-cox-1000-100-4-plain,step4,wsl,cox,1000,100,4,1,before,8.095
step4-wsl-cox-1000-100-4-plain,step4,wsl,cox,1000,100,4,1,after,4.094
step4-wsl-cox-1000-100-4-plain,step4,wsl,cox,1000,100,4,2,after,3.963
step4-wsl-cox-1000-100-4-plain,step4,wsl,cox,1000,100,4,2,before,4.055
step4-wsl-cox-1000-100-4-plain,step4,wsl,cox,1000,100,4,3,before,5.015
step4-wsl-cox-1000-100-4-plain,step4,wsl,cox,1000,100,4,3,after,3.792
step5-windows-cox-1000-100-4-plain-fullwarm,step5,windows,cox,1000,100,4,1,before,17.92
step5-windows-cox-1000-100-4-plain-fullwarm,step5,windows,cox,1000,100,4,1,after,18.52
step5-windows-cox-1000-100-4-plain-fullwarm,step5,windows,cox,1000,100,4,2,after,17.39
step5-windows-cox-1000-100-4-plain-fullwarm,step5,windows,cox,1000,100,4,2,before,23.18
step5-windows-cox-1000-100-4-plain-fullwarm,step5,windows,cox,1000,100,4,3,before,20.86
step5-windows-cox-1000-100-4-plain-fullwarm,step5,windows,cox,1000,100,4,3,after,15.21
step5-wsl-cox-1000-100-2-plain-fullwarm,step5,wsl,cox,1000,100,2,1,before,4.402
step5-wsl-cox-1000-100-2-plain-fullwarm,step5,wsl,cox,1000,100,2,1,after,4.659
step5-wsl-cox-1000-100-2-plain-fullwarm,step5,wsl,cox,1000,100,2,2,after,4.435
step5-wsl-cox-1000-100-2-plain-fullwarm,step5,wsl,cox,1000,100,2,2,before,4.582
step5-wsl-cox-1000-100-2-plain-fullwarm,step5,wsl,cox,1000,100,2,3,before,4.091
step5-wsl-cox-1000-100-2-plain-fullwarm,step5,wsl,cox,1000,100,2,3,after,4.436
step5-wsl-cox-1000-100-4-plain-fullwarm,step5,wsl,cox,1000,100,4,1,before,3.674
step5-wsl-cox-1000-100-4-plain-fullwarm,step5,wsl,cox,1000,100,4,1,after,4.004
step5-wsl-cox-1000-100-4-plain-fullwarm,step5,wsl,cox,1000,100,4,2,after,3.757
step5-wsl-cox-1000-100-4-plain-fullwarm,step5,wsl,cox,1000,100,4,2,before,3.586
step5-wsl-cox-1000-100-4-plain-fullwarm,step5,wsl,cox,1000,100,4,3,before,3.603
step5-wsl-cox-1000-100-4-plain-fullwarm,step5,wsl,cox,1000,100,4,3,after,3.44900000000001
