case,step,os,mode,n,R,cores,version,repeats,median_s,min_s,max_s
step1-windows-cox-10000-0-1-mixed,step1,windows,cox,10000,0,1,before,3,9.83,9.5,12.9
step1-windows-cox-10000-0-1-mixed,step1,windows,cox,10000,0,1,after,3,9.42,8.89,9.59
step1-wsl-cox-10000-0-1-mixed,step1,wsl,cox,10000,0,1,before,3,7.454,7.367,9.236
step1-wsl-cox-10000-0-1-mixed,step1,wsl,cox,10000,0,1,after,3,6.634,6.496,7.858
step3-windows-cox-10000-0-1-plain-fullwarm,step3,windows,cox,10000,0,1,before,3,4.22,4.08,4.87
step3-windows-cox-10000-0-1-plain-fullwarm,step3,windows,cox,10000,0,1,after,3,3.07,2.97,4.0
step3-windows-finegray-10000-0-1-plain-fullwarm,step3,windows,finegray,10000,0,1,before,3,4.69,4.25,5.22
step3-windows-finegray-10000-0-1-plain-fullwarm,step3,windows,finegray,10000,0,1,after,3,3.44,3.38,3.47
step3-wsl-cox-10000-0-1-plain-fullwarm,step3,wsl,cox,10000,0,1,before,3,4.032,3.169,4.056
step3-wsl-cox-10000-0-1-plain-fullwarm,step3,wsl,cox,10000,0,1,after,3,2.483,2.272,2.722
step3-wsl-finegray-10000-0-1-plain-fullwarm,step3,wsl,finegray,10000,0,1,before,3,4.313,3.445,4.937
step3-wsl-finegray-10000-0-1-plain-fullwarm,step3,wsl,finegray,10000,0,1,after,3,2.976,2.566,3.227
step4-windows-cox-1000-100-4-plain,step4,windows,cox,1000,100,4,before,3,24.09,21.75,25.27
step4-windows-cox-1000-100-4-plain,step4,windows,cox,1000,100,4,after,3,15.23,15.19,16.88
step4-wsl-cox-1000-100-2-plain,step4,wsl,cox,1000,100,2,before,3,6.235,5.576,9.208
step4-wsl-cox-1000-100-2-plain,step4,wsl,cox,1000,100,2,after,3,4.976,4.373,5.115
step4-wsl-cox-1000-100-4-plain,step4,wsl,cox,1000,100,4,before,3,5.015,4.055,8.095
step4-wsl-cox-1000-100-4-plain,step4,wsl,cox,1000,100,4,after,3,3.963,3.792,4.094
step5-windows-cox-1000-100-4-plain-fullwarm,step5,windows,cox,1000,100,4,before,3,20.86,17.92,23.18
step5-windows-cox-1000-100-4-plain-fullwarm,step5,windows,cox,1000,100,4,after,3,17.39,15.21,18.52
step5-wsl-cox-1000-100-2-plain-fullwarm,step5,wsl,cox,1000,100,2,before,3,4.402,4.091,4.582
step5-wsl-cox-1000-100-2-plain-fullwarm,step5,wsl,cox,1000,100,2,after,3,4.436,4.435,4.659
step5-wsl-cox-1000-100-4-plain-fullwarm,step5,wsl,cox,1000,100,4,before,3,3.603,3.586,3.674
step5-wsl-cox-1000-100-4-plain-fullwarm,step5,wsl,cox,1000,100,4,after,3,3.757,3.44900000000001,4.004
