"tag","revision","mode","n","n_boot","rep","elapsed","unadj","adjusted"
"before","aac87ba","delta",1000,50,1,2.74,0.0089999999999999,2.446
"before","aac87ba","delta",1000,50,2,2.8,0.00699999999999967,2.558
"before","aac87ba","delta",1000,50,3,2.633,0.00999999999999979,2.395
"after","cefc1a5","delta",1000,50,1,0.314,0.0089999999999999,0.0390000000000001
"after","cefc1a5","delta",1000,50,2,0.228,0.0089999999999999,0.0350000000000001
"after","cefc1a5","delta",1000,50,3,0.231,0.00800000000000001,0.0340000000000003
"before","aac87ba","boot",1000,50,1,2.984,0.222,2.448
"before","aac87ba","boot",1000,50,2,3.049,0.186,2.638
"before","aac87ba","boot",1000,50,3,2.843,0.186999999999999,2.426
"after","cefc1a5","boot",1000,50,1,2.981,0.211,2.495
"after","cefc1a5","boot",1000,50,2,3.114,0.188999999999999,2.705
"after","cefc1a5","boot",1000,50,3,2.696,0.194000000000001,2.307
"before","aac87ba","delta",4387,50,1,20.592,0.0100000000000002,20.293
"before","aac87ba","delta",4387,50,2,18.43,0.00999999999999801,18.22
"before","aac87ba","delta",4387,50,3,18.863,0.0109999999999957,18.652
"after","cefc1a5","delta",4387,50,1,0.39,0.0109999999999997,0.11
"after","cefc1a5","delta",4387,50,2,0.457,0.0110000000000001,0.27
"after","cefc1a5","delta",4387,50,3,0.279,0.00999999999999979,0.0800000000000001
"before","aac87ba","boot",4387,50,1,19.342,0.407,18.681
"before","aac87ba","boot",4387,50,2,18.928,0.367000000000001,18.351
"before","aac87ba","boot",4387,50,3,19.305,0.396000000000001,18.714
"after","cefc1a5","boot",4387,50,1,8.835,0.385,8.184
"after","cefc1a5","boot",4387,50,2,9.211,0.379000000000001,8.637
"after","cefc1a5","boot",4387,50,3,10.052,0.371000000000002,9.447
"before","aac87ba","delta",4387,500,1,185.535,0.0129999999999999,185.193
"after","cefc1a5","delta",4387,500,1,0.411,0.0110000000000001,0.105
"after","cefc1a5","delta",4387,500,2,0.504,0.0109999999999997,0.302
"after","cefc1a5","delta",4387,500,3,0.338,0.00999999999999979,0.0890000000000004
