stage,seconds,note
surv.ranger 训练（mlr3 默认 1 线程）,4.24,生存 ranger，1 万行，200 棵树
treeshap::ranger_surv.unify,3.98,其中 rowSums 1.64 s、逐树 rbind 约 1.2 s
R 模型转成 Python 树字典,0.03,
Python GPU TreeSHAP（400 行，带交互）,0.27,
抽样、建任务、打印、shapviz 等,0.61,
6 张预渲染图,1.23,统一口径实测中开作图 9.23 s 与不作图 8.00 s 之差；plt_shp_sum 构建时就用 ggplotGrob 渲染蜂群图
会话首次调用的额外开销,9.54,统一口径：首次 18.77 s 减预热后 9.23 s；其中导入 shap 3.91 s、加载 mlr3verse 3.54 s
Python CPU TreeSHAP（400 行，带交互，单核）,30.00,无 GPU 时替代 GPU 那一行
Python CPU TreeSHAP（2000 行，带交互，单核）,150.38,
Python CPU TreeSHAP（10000 行，带交互，单核）,763.08,
Python CPU TreeSHAP（400 行，无交互，单核）,4.04,
treeshap R 引擎（400 行，带交互，按 40 行外推）,52.3,
treeshap R 引擎（400 行，无交互，按 40 行外推）,23.1,
