task,stage,setting,seconds,note
both,load mlr3verse + mlr3proba,before,5.51,first call in a session only; also loads torch
both,load mlr3proba + mlr3extralearners,after,1.55,first call in a session only; torch not loaded
survival,Python SHAP attempt (fails),before and after,2.48,no Python environment provides shap
survival,impurity forest (500 trees),before and after,1.53,3000 rows
survival,permutation forest (500 trees),3 threads,6.74,threads from rows (before)
survival,permutation forest (500 trees),8 threads,2.95,
survival,permutation forest (500 trees),16 threads,1.86,threads from rows x variables (after)
survival,permutation forest (500 trees),1 thread,17.23,
survival,extra forest for SHAP (500 trees),before,1.91,removed: SHAP now explains the impurity forest
survival,unify 500 trees,before and after,0.89,
survival,TreeSHAP 600 rows,one process,9.03,before
survival,TreeSHAP 600 rows,split across processes,3.16,after; values identical
survival,TreeSHAP 300 rows,one process,4.42,not adopted (changes results)
classification,impurity forest,before and after,0.11,4387 rows
classification,permutation forest,before and after,0.18,4387 rows
classification,ranger fit for SHAP,before and after,0.09,mean 218 leaves per tree
classification,TreeSHAP 600 rows,one process,9.51,before
both,three plots,before and after,1.03,
