commit,date,category,strategy,metric,data,before_s,after_s,results
0eb1057,2026-10-05,预测器,Cox 用基线风险公式直接算生存率,get_vpd 连续变量 PD 面板（8 worker）,SEER 4017 行,7.2,0.3,一致（与 survfit 相同）
703a4c1,2026-10-05,预测器,RSF 改用 ranger 自身的多线程预测,get_vpd 分组 PD 面板,SEER 4017 行,13.5,8.0,一致（差 < 1e-16）
fa27c06,2026-10-05,预测器,XGBoost 直接读 mlr3 的生存矩阵,get_vpd 连续变量 PD 面板,SEER 4017 行,6.7,1.9,一致（差 < 1e-16）
f21d70e,2026-10-05,并行,自动线程上限 8 → 16,RSF 在 4 万行 PD 网格上的预测,4 万行网格,9.0,6.7,一致
bd40dd7,2026-10-05,并行,get_exp(cores)：ranger / XGBoost 多线程训练,RSF 生存解释器构建,SEER 4017 行,20.1,4.6,一致（1/5/16 线程同一森林）
048bf37,2026-10-05,减少计算量,连续变量 PD 网格固定 30 个等距点,RSF 连续变量 PD 面板,SEER 4017 行,11.0,3.1,有变化：PD 曲线更粗
9ba84ee,2026-10-05,并行,ALE 按整次调用的工作量定线程,RSF 分组 ALE,SEER 4017 行,4.6,2.0,一致；去掉最左端假水平段
04b6781,2026-10-05,减少计算量,get_ale / get_ale2 新增 N = 10000 均匀抽稀,RSF 的 get_ale(Age)（Windows）,SEER 扩至 4 万行,19.7,5.5,超过 N 时有变化：最多差曲线幅度 7.3%
8efe5b6,2026-10-05,预测器,RSF 只取所需时间点的终末节点 CHF,RSF 的 get_ale(Age)，7782 个连续事件时间,模拟 1 万行,245,4.2,一致
f1d0358,2026-10-05,预测器,读取节点 CHF 不再逐节点调用 R 函数,"RSF 的 get_ale2(Sex, Age)",模拟 5 万行,8.3,6.3,一致
ddef282,2026-10-05,建模,分组重建模型时不算 ranger 的 OOB C-index,"RSF 分组 get_vpd(Sex, Age)",模拟 5 万行,47,27,一致
bf09886,2026-10-05,建模,RSF 解释器不算 OOB 与样本内 C-index,RSF 的 get_exp(),模拟 5 万行,42,8.6,一致
bf50938,2026-10-05,建模,Cox / XGBoost 解释器不算样本内 C-index,Cox 的 get_exp(),模拟 5 万行,5.4,0.27,一致
f322b1c,2026-10-06,建模,分类解释器默认不算置换重要性,二分类 RF 的 get_exp(),模拟 5 万行,11.4,3.3,预测一致；重要性字段默认 NULL
8ce2273,2026-10-06,预测器,求终末节点时不把节点 CHF 拷进 C++,"RSF 分组 get_vpd(Sex, Age)，交替各 2 轮",模拟 5 万行,33.1,20.85,一致
03c5605,2026-10-06,减少计算量,训练行数 ≥ 2 万时 RSF 用 200 棵树,"RSF 分组 get_vpd(Sex, Age)，交替各 2 轮",模拟 10 万行,33.55,18.44,2 万行以下一致；以上 C-index 相同、曲线略变
