"n","cfg","rep","elapsed","cpu"
500,"cox_surdiff_FALSE",1,0.0660000000000003,0.0660000000000003
500,"crr_surdiff_FALSE",1,0.097,0.287
500,"crr_CSC",1,0.291,0.728
500,"crr_FGR",1,1.227,20.322
500,"cox_surdiff_TRUE",1,0.2,0.199000000000002
500,"crr_surdiff_FALSE",2,0.0990000000000002,1.191
500,"cox_surdiff_FALSE",2,0.0569999999999995,0.0569999999999995
500,"crr_CSC",2,0.283,0.72
500,"cox_surdiff_TRUE",2,0.204,0.204999999999999
500,"crr_FGR",2,1.141,19.154
500,"cox_surdiff_TRUE",3,0.215,0.217
500,"crr_FGR",3,1.135,19.906
500,"cox_surdiff_FALSE",3,0.0519999999999996,0.051000000000001
500,"crr_surdiff_FALSE",3,0.106,1.268
500,"crr_CSC",3,0.277000000000001,0.714999999999998
500,"cox_surdiff_TRUE",4,0.190999999999999,0.191999999999998
500,"crr_FGR",4,1.053,18.493
500,"crr_CSC",4,0.341000000000001,2.371
500,"cox_surdiff_FALSE",4,0.0579999999999998,0.0589999999999993
500,"crr_surdiff_FALSE",4,0.0910000000000011,0.257000000000001
500,"crr_CSC",5,0.273,0.711
500,"cox_surdiff_TRUE",5,0.192,0.192000000000002
500,"cox_surdiff_FALSE",5,0.0590000000000011,0.0590000000000011
500,"crr_surdiff_FALSE",5,0.0920000000000005,0.279999999999999
500,"crr_FGR",5,1.173,20.211
1000,"crr_FGR",1,1.337,22.94
1000,"cox_surdiff_FALSE",1,0.0579999999999998,0.0579999999999998
1000,"crr_CSC",1,0.383000000000003,2.427
1000,"cox_surdiff_TRUE",1,0.196999999999999,0.197000000000006
1000,"crr_surdiff_FALSE",1,0.107000000000003,0.273999999999994
1000,"crr_surdiff_FALSE",2,0.102,0.271000000000003
1000,"cox_surdiff_FALSE",2,0.054000000000002,0.0540000000000003
1000,"crr_CSC",2,0.321000000000002,0.757999999999992
1000,"cox_surdiff_TRUE",2,0.192999999999998,0.195000000000007
1000,"crr_FGR",2,1.21,19.246
1000,"cox_surdiff_TRUE",3,0.187000000000001,0.186999999999998
1000,"crr_FGR",3,1.291,21.953
1000,"cox_surdiff_FALSE",3,0.0519999999999996,0.0519999999999996
1000,"crr_surdiff_FALSE",3,0.130000000000003,1.48499999999999
1000,"crr_CSC",3,0.300999999999998,0.739000000000008
1000,"cox_surdiff_TRUE",4,0.193999999999999,0.195000000000004
1000,"crr_FGR",4,1.274,20.668
1000,"crr_CSC",4,0.362000000000002,2.37700000000001
1000,"cox_surdiff_FALSE",4,0.0630000000000024,0.0619999999999976
1000,"crr_surdiff_FALSE",4,0.119,0.321000000000005
1000,"crr_CSC",5,0.341000000000001,0.778999999999993
1000,"cox_surdiff_TRUE",5,0.228000000000002,0.22900000000001
1000,"cox_surdiff_FALSE",5,0.0559999999999974,0.0559999999999974
1000,"crr_surdiff_FALSE",5,0.108999999999998,0.296999999999997
1000,"crr_FGR",5,1.251,20.126
2000,"cox_surdiff_FALSE",1,0.0829999999999984,1.199
2000,"crr_surdiff_FALSE",1,0.170999999999999,0.361999999999995
2000,"cox_surdiff_TRUE",1,0.339999999999996,6.095
2000,"crr_FGR",1,2.207,28.536
2000,"crr_CSC",1,1.611,33.332
2000,"crr_surdiff_FALSE",2,0.180999999999997,0.379999999999995
2000,"cox_surdiff_FALSE",2,0.0910000000000011,1.415
2000,"crr_CSC",2,0.709000000000003,11.276
2000,"cox_surdiff_TRUE",2,0.409999999999997,8.022
2000,"crr_FGR",2,2.16399999999999,28.48
2000,"cox_surdiff_TRUE",3,0.375,6.50800000000002
2000,"crr_FGR",3,2.097,27.91
2000,"cox_surdiff_FALSE",3,0.0840000000000032,1.29099999999999
2000,"crr_surdiff_FALSE",3,0.177,0.390000000000001
2000,"crr_CSC",3,0.615000000000002,9.20000000000002
2000,"cox_surdiff_TRUE",4,0.372,6.56
2000,"crr_FGR",4,2.127,28.782
2000,"crr_CSC",4,0.651000000000003,10.857
2000,"cox_surdiff_FALSE",4,0.0940000000000012,1.50700000000001
2000,"crr_surdiff_FALSE",4,0.180999999999997,0.385000000000005
2000,"crr_CSC",5,0.637999999999998,9.35899999999998
2000,"cox_surdiff_TRUE",5,0.342999999999996,6.03100000000002
2000,"cox_surdiff_FALSE",5,0.0700000000000003,1.03699999999999
2000,"crr_surdiff_FALSE",5,0.179000000000002,0.367000000000004
2000,"crr_FGR",5,2.103,28.717
4387,"crr_surdiff_FALSE",1,0.515000000000001,2.53099999999998
4387,"cox_surdiff_FALSE",1,0.080999999999996,1.122
4387,"crr_FGR",1,5.743,47.528
4387,"cox_surdiff_TRUE",1,0.439000000000007,7.90499999999999
4387,"crr_CSC",1,1.13,13.832
4387,"crr_surdiff_FALSE",2,0.442999999999998,0.666000000000025
4387,"cox_surdiff_FALSE",2,0.0859999999999985,1.23100000000001
4387,"crr_CSC",2,1.2,15.141
4387,"cox_surdiff_TRUE",2,0.50500000000001,9.295
4387,"crr_FGR",2,5.758,47.863
4387,"cox_surdiff_TRUE",3,0.406000000000006,7.35299999999995
4387,"crr_FGR",3,5.309,44.2260000000001
4387,"cox_surdiff_FALSE",3,0.078000000000003,1.054
4387,"crr_surdiff_FALSE",3,0.456000000000003,0.70299999999996
4387,"crr_CSC",3,0.969000000000008,11.136
4387,"cox_surdiff_TRUE",4,0.442000000000007,8.23900000000002
4387,"crr_FGR",4,5.636,46.506
4387,"crr_CSC",4,0.960999999999999,11.53
4387,"cox_surdiff_FALSE",4,0.0760000000000076,1.045
4387,"crr_surdiff_FALSE",4,0.441999999999993,0.666999999999987
4387,"crr_CSC",5,0.977999999999994,11.156
4387,"cox_surdiff_TRUE",5,0.382999999999996,7.33500000000001
4387,"cox_surdiff_FALSE",5,0.0719999999999885,0.935999999999993
4387,"crr_surdiff_FALSE",5,0.444999999999993,0.680000000000021
4387,"crr_FGR",5,5.428,46.54
8774,"cox_surdiff_TRUE",1,0.665000000000006,12.484
8774,"crr_surdiff_FALSE",1,1.45899999999999,1.73699999999999
8774,"crr_CSC",1,2.50500000000001,20.004
8774,"cox_surdiff_FALSE",1,0.085000000000008,1.15399999999994
8774,"crr_FGR",1,17.238,96.767
8774,"crr_surdiff_FALSE",2,1.67899999999999,3.71499999999997
8774,"crr_FGR",2,17.485,96.89
8774,"cox_surdiff_FALSE",2,0.108000000000004,1.44300000000001
8774,"crr_CSC",2,6.381,111.886
8774,"cox_surdiff_TRUE",2,0.711999999999989,12.852
8774,"cox_surdiff_TRUE",3,0.695999999999998,12.612
8774,"crr_CSC",3,2.50299999999999,22.538
8774,"crr_FGR",3,17.085,98.581
8774,"cox_surdiff_FALSE",3,0.124000000000024,1.80500000000004
8774,"crr_surdiff_FALSE",3,1.53399999999999,1.83899999999997
17548,"cox_surdiff_TRUE",1,0.796999999999997,14.6690000000001
17548,"crr_CSC",1,7.69,49.3649999999999
17548,"crr_surdiff_FALSE",1,5.51300000000001,5.92800000000005
17548,"crr_FGR",1,50.299,237.13
17548,"cox_surdiff_FALSE",1,0.13900000000001,2.96899999999999
17548,"crr_surdiff_FALSE",2,5.20699999999999,5.64299999999994
17548,"cox_surdiff_FALSE",2,0.149000000000001,3.26700000000005
17548,"crr_CSC",2,6.685,36.8559999999999
17548,"cox_surdiff_TRUE",2,0.728999999999985,14.6090000000001
17548,"crr_FGR",2,47.977,229.061
17548,"cox_surdiff_TRUE",3,0.745999999999981,14.5029999999999
17548,"crr_FGR",3,49.04,232.836
17548,"cox_surdiff_FALSE",3,0.150000000000034,3.262
17548,"crr_surdiff_FALSE",3,5.18799999999999,5.58600000000018
17548,"crr_CSC",3,6.322,28.7649999999999
35096,"crr_CSC",1,24.172,58.403
35096,"crr_FGR",1,195.358,854.855
35096,"cox_surdiff_FALSE",1,0.224000000000046,4.2589999999999
35096,"cox_surdiff_TRUE",1,0.923999999999978,15.4280000000001
35096,"crr_surdiff_FALSE",1,23.283,23.7209999999999
35096,"crr_surdiff_FALSE",2,23.015,23.4529999999999
35096,"cox_surdiff_FALSE",2,0.184000000000083,3.86500000000018
35096,"crr_CSC",2,25.244,62.7499999999998
35096,"cox_surdiff_TRUE",2,0.761000000000081,13.5280000000001
35096,"crr_FGR",2,211.003,929.042
35096,"cox_surdiff_TRUE",3,0.879999999999995,13.6530000000003
35096,"crr_FGR",3,229.12,990.201
35096,"cox_surdiff_FALSE",3,0.208000000000084,3.91799999999967
35096,"crr_surdiff_FALSE",3,34.2759999999998,34.7120000000001
35096,"crr_CSC",3,31.817,128.441
