os,model,n,function_name,version,configuration,input_system,status,elapsed,error,warnings,class,image
windows,cox,10000,plt_cat1,after,11_groups,windows,ok,2.9,,,patchwork/ggplot2::ggplot/ggplot/ggplot2::gg/S7_object/gg,readback_windows_cox_plt_cat1.png
windows,crr,10000,plt_cat1,after,11_groups,windows,ok,2.97,,,patchwork/ggplot2::ggplot/ggplot/ggplot2::gg/S7_object/gg,readback_windows_crr_plt_cat1.png
windows,cox,10000,plt_cat2,after,11_groups,windows,error,NA,"! in callr subprocess.
Caused by error: 
! `cat_lis$cat$Mul` is empty. plt_cat2 requires binary `cat_var`.",,,readback_windows_cox_plt_cat2.png
windows,crr,10000,plt_cat2,after,11_groups,windows,error,NA,"! in callr subprocess.
Caused by error: 
! `cat_lis$cat$Mul` is empty. plt_cat2 requires binary `cat_var`.",,,readback_windows_crr_plt_cat2.png
windows,cox,10000,plt_cat3,after,11_groups,windows,ok,3.93,,"`aes_()` was deprecated in ggplot2 3.0.0.
i Please use tidy evaluation idioms with `aes()`
i The deprecated feature was likely used in the ggplotify package.
  Please report the issue at
  <https://github.com/GuangchuangYu/ggplotify/issues>.",patchwork/ggplot2::ggplot/ggplot/ggplot2::gg/S7_object/gg,readback_windows_cox_plt_cat3.png
windows,crr,10000,plt_cat3,after,11_groups,windows,ok,3.8,,"`aes_()` was deprecated in ggplot2 3.0.0.
i Please use tidy evaluation idioms with `aes()`
i The deprecated feature was likely used in the ggplotify package.
  Please report the issue at
  <https://github.com/GuangchuangYu/ggplotify/issues>.",patchwork/ggplot2::ggplot/ggplot/ggplot2::gg/S7_object/gg,readback_windows_crr_plt_cat3.png
windows,cox,10000,plt_rpa_km,after,18_groups_default_palette,linux,error,NA,"! in callr subprocess.
Caused by error in `palette(...)`:
! Insufficient values in manual scale. 18 needed but only 15 provided.",,,readback_windows_cox_plt_rpa_km.png
windows,cox,10000,plt_score,latest,five_metrics,windows,ok,0.7,,The `merge_legends` theme element is not defined in the element hierarchy.,patchwork/ggplot2::ggplot/ggplot/ggplot2::gg/S7_object/gg,readback_windows_cox_plt_score.png
windows,crr,10000,plt_score,latest,five_metrics,windows,ok,0.64,,The `merge_legends` theme element is not defined in the element hierarchy.,patchwork/ggplot2::ggplot/ggplot/ggplot2::gg/S7_object/gg,readback_windows_crr_plt_score.png
windows,cox,10000,plt_cat2,after,binary_Sex,windows,ok,3,,"`aes_()` was deprecated in ggplot2 3.0.0.
i Please use tidy evaluation idioms with `aes()`
i The deprecated feature was likely used in the ggplotify package.
  Please report the issue at
  <https://github.com/GuangchuangYu/ggplotify/issues>.",patchwork/ggplot2::ggplot/ggplot/ggplot2::gg/S7_object/gg,readback_windows_cox_plt_cat2_binary.png
windows,crr,10000,plt_cat2,after,binary_Sex,windows,ok,2.93,,"`aes_()` was deprecated in ggplot2 3.0.0.
i Please use tidy evaluation idioms with `aes()`
i The deprecated feature was likely used in the ggplotify package.
  Please report the issue at
  <https://github.com/GuangchuangYu/ggplotify/issues>.",patchwork/ggplot2::ggplot/ggplot/ggplot2::gg/S7_object/gg,readback_windows_crr_plt_cat2_binary.png
windows,cox,10000,plt_rpa_km,after,18_groups_extended_palette,linux,ok,2.75,,"Unadjusted Kaplan-Meier estimates should only be drawn as step functions (steps=TRUE). | Removed 94 rows containing missing values or values outside the scale range
(`geom_line()`). | Removed 94 rows containing missing values or values outside the scale range
(`geom_ribbon()`). | Removed 18 rows containing missing values or values outside the scale range
(`geom_line()`). | Removed 18 rows containing missing values or values outside the scale range
(`geom_ribbon()`).",patchwork/ggplot2::ggplot/ggplot/ggplot2::gg/S7_object/gg,readback_windows_cox_plt_rpa_km_extended.png
linux,cox,10000,plt_cat1,after,11_groups,linux,ok,2.382,,,patchwork/ggplot2::ggplot/ggplot/ggplot2::gg/S7_object/gg,readback_linux_cox_plt_cat1.png
linux,crr,10000,plt_cat1,after,11_groups,linux,ok,2.353,,,patchwork/ggplot2::ggplot/ggplot/ggplot2::gg/S7_object/gg,readback_linux_crr_plt_cat1.png
linux,cox,10000,plt_cat2,after,11_groups,linux,error,NA,"! in callr subprocess.
Caused by error: 
! `cat_lis$cat$Mul` is empty. plt_cat2 requires binary `cat_var`.",,,readback_linux_cox_plt_cat2.png
linux,crr,10000,plt_cat2,after,11_groups,linux,error,NA,"! in callr subprocess.
Caused by error: 
! `cat_lis$cat$Mul` is empty. plt_cat2 requires binary `cat_var`.",,,readback_linux_crr_plt_cat2.png
linux,cox,10000,plt_cat3,after,11_groups,linux,ok,3.198,,"`aes_()` was deprecated in ggplot2 3.0.0.
ℹ Please use tidy evaluation idioms with `aes()`
ℹ The deprecated feature was likely used in the ggplotify package.
  Please report the issue at
  <https://github.com/GuangchuangYu/ggplotify/issues>.",patchwork/ggplot2::ggplot/ggplot/ggplot2::gg/S7_object/gg,readback_linux_cox_plt_cat3.png
linux,crr,10000,plt_cat3,after,11_groups,linux,ok,3.379,,"`aes_()` was deprecated in ggplot2 3.0.0.
ℹ Please use tidy evaluation idioms with `aes()`
ℹ The deprecated feature was likely used in the ggplotify package.
  Please report the issue at
  <https://github.com/GuangchuangYu/ggplotify/issues>.",patchwork/ggplot2::ggplot/ggplot/ggplot2::gg/S7_object/gg,readback_linux_crr_plt_cat3.png
linux,cox,10000,plt_rpa_km,after,18_groups_default_palette,linux,error,NA,"! in callr subprocess.
Caused by error in `palette(...)`:
! Insufficient values in manual scale. 18 needed but only 15 provided.",,,readback_linux_cox_plt_rpa_km.png
linux,cox,10000,plt_score,latest,five_metrics,linux,ok,0.699,,The `merge_legends` theme element is not defined in the element hierarchy.,patchwork/ggplot2::ggplot/ggplot/ggplot2::gg/S7_object/gg,readback_linux_cox_plt_score.png
linux,crr,10000,plt_score,latest,five_metrics,linux,ok,0.645,,The `merge_legends` theme element is not defined in the element hierarchy.,patchwork/ggplot2::ggplot/ggplot/ggplot2::gg/S7_object/gg,readback_linux_crr_plt_score.png
linux,cox,10000,plt_cat2,after,binary_Sex,linux,ok,2.618,,"`aes_()` was deprecated in ggplot2 3.0.0.
ℹ Please use tidy evaluation idioms with `aes()`
ℹ The deprecated feature was likely used in the ggplotify package.
  Please report the issue at
  <https://github.com/GuangchuangYu/ggplotify/issues>.",patchwork/ggplot2::ggplot/ggplot/ggplot2::gg/S7_object/gg,readback_linux_cox_plt_cat2_binary.png
linux,crr,10000,plt_cat2,after,binary_Sex,linux,ok,2.672,,"`aes_()` was deprecated in ggplot2 3.0.0.
ℹ Please use tidy evaluation idioms with `aes()`
ℹ The deprecated feature was likely used in the ggplotify package.
  Please report the issue at
  <https://github.com/GuangchuangYu/ggplotify/issues>.",patchwork/ggplot2::ggplot/ggplot/ggplot2::gg/S7_object/gg,readback_linux_crr_plt_cat2_binary.png
linux,cox,10000,plt_rpa_km,after,18_groups_extended_palette,linux,ok,2.855,,"Unadjusted Kaplan-Meier estimates should only be drawn as step functions (steps=TRUE). | Removed 94 rows containing missing values or values outside the scale range
(`geom_line()`). | Removed 94 rows containing missing values or values outside the scale range
(`geom_ribbon()`). | Removed 18 rows containing missing values or values outside the scale range
(`geom_line()`). | Removed 18 rows containing missing values or values outside the scale range
(`geom_ribbon()`).",patchwork/ggplot2::ggplot/ggplot/ggplot2::gg/S7_object/gg,readback_linux_cox_plt_rpa_km_extended.png
linux,crr,10000,plt_cat2,after,binary_Sex_gallery,linux,ok,3.022,,"`aes_()` was deprecated in ggplot2 3.0.0.
ℹ Please use tidy evaluation idioms with `aes()`
ℹ The deprecated feature was likely used in the ggplotify package.
  Please report the issue at
  <https://github.com/GuangchuangYu/ggplotify/issues>.",patchwork/ggplot2::ggplot/ggplot/ggplot2::gg/S7_object/gg,readback_linux_crr_plt_cat2_gallery.png
linux,crr,10000,plt_cat3,after,11_groups_gallery,linux,ok,2.566,,"`aes_()` was deprecated in ggplot2 3.0.0.
ℹ Please use tidy evaluation idioms with `aes()`
ℹ The deprecated feature was likely used in the ggplotify package.
  Please report the issue at
  <https://github.com/GuangchuangYu/ggplotify/issues>.",patchwork/ggplot2::ggplot/ggplot/ggplot2::gg/S7_object/gg,readback_linux_crr_plt_cat3_gallery.png
