"commit","date","subject","scope"
"63541f6223ed4b34fec359c4645f04885fab66f4","2026-10-02T09:32:27+08:00","Ask ate() only for reference-vs-each contrasts in direct Cox curves","Cox_CIF_related"
"3e142d575aa7eae1d927485ffbc97c6f33ba7975","2026-10-02T09:35:00+08:00","Add rpa_model = ""cit_adj"" to get_rpa for adj_var-adjusted ctree splits","Cox_CIF_related"
"55d87d8b3745f1e8204a3bc81a78c0ad3193bfa3","2026-10-02T09:46:02+08:00","Skip the multi-time survival difference in get_rpa","Cox_CIF_related"
"e2ff24f910d5d057bce61e5af07bcd5cccf57bfa","2026-10-02T09:59:25+08:00","Split get_rpa mob into mob and mob_adj, correct the cit_adj wording","Cox_CIF_related"
"c71fe168c95901165160fd7cbcd4fad79699373f","2026-10-02T10:00:17+08:00","Keep at most 50 time points on get_cat direct curves","Cox_CIF_related"
"c1f64355b9212d58a1c3b3fde451bc0d06a2b1aa","2026-10-02T10:13:18+08:00","Ask ate() only for reference-vs-each contrasts in CSC direct CIFs","Cox_CIF_related"
"9a1f8fbfd7123e8647a5653e0208fd9ba6dfcb98","2026-10-02T10:17:26+08:00","Add get_rpa rpa_model mob_int / mob_adj_int with intercept-only tests","Cox_CIF_related"
"7071e790b41798386144508af6d5367be8053ff8","2026-10-02T10:17:46+08:00","Say mob_int shares the node models of mob, not its trees, in NEWS","Cox_CIF_related"
"27980d29a789d416364a9d49df68162e1f644327","2026-10-02T10:33:40+08:00","Keep the last event of any cause on capped direct curves","Cox_CIF_related"
"f30bc690e99837b88eb374250404bf79c3d3755e","2026-10-02T10:54:01+08:00","Move the direct-curve time cap into .get.obj and use it in get_facet","Cox_CIF_related"
"a1090463bca33b31b8de9deff267e96d675a1b0b","2026-10-02T11:35:13+08:00","Add get_cat(curve_ci =) to build direct curves without their CI","Cox_CIF_related"
"9c6452b62548ad354d48f02a2b60fcbf4bec9549","2026-10-02T11:48:11+08:00","Replace get_cat(curve_ci =) with curve_args for the direct-curve speed settings","Cox_CIF_related"
"62b5662d540d4af204cb7965ab074bef585fdff1","2026-10-02T15:42:46+08:00","Speed up slow GBTM final fits and missing-data checks","excluded_GBTM"
"9b4d99e63165cc4e7347089a9685b338571ba763","2026-10-02T15:44:51+08:00","Fix bootstrap metric directions in get_rpa_mp2","Cox_CIF_related"
"254c339ef912e5f866c8d2c2152628df47f0e7bb","2026-10-02T15:56:19+08:00","Share bootstrap evaluation across all RPA ranking metrics","Cox_CIF_related"
"b0d394f7efee9875cdcee2067108ac1a49115357","2026-10-02T15:59:32+08:00","Fit competing-risk sHRs with mets::cifregFG instead of tidycmprsk::crr","Cox_CIF_related"
"e964aaa44c2de8fd0214848c2893ea1173eb047f","2026-10-02T16:05:49+08:00","Keep RPA bootstrap comparisons on the full cohort","Cox_CIF_related"
"41cc6fe9514649672f21bad5f638afa7a2a1f145","2026-10-02T16:06:03+08:00","Test the competing-risk subgroup interaction with a Wald test on the mets fit","Cox_CIF_related"
"2da61d383e8cc7be9325aa745f43ef7f260e3bfe","2026-10-02T16:11:20+08:00","Fit get_inter Fine-Gray interaction models with mets","Cox_CIF_related"
"a0f89a6208c166ffb76a806e8b38b01ed395375d","2026-10-02T16:20:10+08:00","Handle failed RPA resamples and reuse the original fit","Cox_CIF_related"
"37d57aa8d8c197d81bae5616f32f4805ebd4b56b","2026-10-02T16:22:27+08:00","Honor requested bootstrap repeats in get_rpa_mp1","Cox_CIF_related"
"5b5473a79794522a01699adc236455af89d525ea","2026-10-02T16:27:57+08:00","Standardise the direct Fine-Gray CIF with mets instead of a bootstrap","Cox_CIF_related"
"2db23e82d9a4ea99af386f9c4b0519557e37d14a","2026-10-02T16:36:13+08:00","Report get_eff competing-risk timings at 10,000 and 100,000 subjects in NEWS","Cox_CIF_related"
"da12c49115dc673263751a714f514887dda0ae67","2026-10-02T17:05:02+08:00","Reuse survival scoring setup and report bootstrap score ranges","Cox_CIF_related"
"608418b399f7837865f593d52fdf21c8201e91df","2026-10-02T17:18:00+08:00","Draw the mets direct CIF preview with adjustedCurves' method by name","Cox_CIF_related"
"8eed653c86aff749d32a277b688c34a5d851359e","2026-10-02T17:29:13+08:00","Require 5 events per Weibull parameter in get_rpa mob splits","Cox_CIF_related"
"f923e8907db707e9393610f97eb2979544b06448","2026-10-02T17:34:00+08:00","Bound RPA bootstrap workers and preserve random state","Cox_CIF_related"
"2166e222e49e8e5998bdd687c28deb46c955161d","2026-10-02T17:35:16+08:00","Draw curves in .plot.obj() with adjustedCurves' plot methods by name","Cox_CIF_related"
"0da42bdcb5fade636e984cc2ec3b7e0ce40f564c","2026-10-02T17:36:28+08:00","Hand mets a plain data.frame so tibbles stay on the mets path","Cox_CIF_related"
"378c8c0ce3208636bded1fcd90a32b65b49d1000","2026-10-02T17:39:37+08:00","Default get_facet and get_facet_diff to four workers for competing risks","Cox_CIF_related"
"6d5faa85abca36c2fc1bcdc8f745512a876249ae","2026-10-02T17:46:26+08:00","Drop get_rpa from the mets NEWS entries: it always fits Cox (surv = TRUE)","Cox_CIF_related"
"aac87bab77047b1e1573163cb56c8d08cc30afa7","2026-10-02T18:37:26+08:00","Skip unused Fine-Gray variance estimation in get_score","Cox_CIF_related"
"cefc1a5dc10525b290d4d56c1a0a53f993eb9953","2026-10-02T18:42:49+08:00","Use mets joint CIF inference in get_inter_abs","Cox_CIF_related"
"c9158eafde43c97b7708242cd87dcf8a021fcf0d","2026-10-02T18:51:09+08:00","Add cat_arg controls to get_rpa output","Cox_CIF_related"
"e0ed9b13c93547e14ae6fda34e8bc4636dbc8000","2026-10-02T21:08:15+08:00","Adapt direct CIF parallelism to data size","Cox_CIF_related"
"12406e338f9daf2c1d3b5c115065bccd5e0a81ad","2026-10-02T21:18:11+08:00","Add shared-fit AIC BIC and PVE metrics with bootstrap","Cox_CIF_related"
"ea06c28b987a688db21dfe1a75fd69d0e3512d06","2026-10-02T22:16:17+08:00","Add selectable metrics and plots to get_score","Cox_CIF_related_late"
