"group","before","after"
"g1 (node 6)","0.028 (0.022, 0.035)","0.028 (0.020, 0.037)"
"g2 (node 7)","0.051 (0.027, 0.071)","0.051 (0.031, 0.071)"
"g3 (node 8)","0.080 (0.064, 0.092)","0.080 (0.064, 0.095)"
"g4 (node 10)","0.044 (0.035, 0.058)","0.044 (0.033, 0.055)"
"g5 (node 11)","0.121 (0.097, 0.141)","0.121 (0.097, 0.146)"
"g6 (node 13)","0.172 (0.151, 0.202)","0.172 (0.150, 0.195)"
"g7 (node 14)","0.266 (0.178, 0.352)","0.266 (0.171, 0.361)"
"g8 (node 17)","0.188 (0.147, 0.234)","0.189 (0.141, 0.236)"
"g9 (node 18)","0.363 (0.298, 0.426)","0.364 (0.292, 0.436)"
"g10 (node 20)","0.419 (0.396, 0.445)","0.420 (0.390, 0.451)"
"g11 (node 21)","0.462 (0.398, 0.517)","0.464 (0.390, 0.539)"
