"n","model","rep","elapsed","cpu"
500,"CSC",1,0.713,1.149
500,"FGR",1,2.91,49.439
500,"CSC",2,0.786,2.813
500,"FGR",2,3.16,55.783
500,"FGR",3,3.313,55.53
500,"CSC",3,0.815,2.84500000000001
1000,"FGR",1,4.133,67.681
1000,"CSC",1,0.851999999999997,4.777
1000,"FGR",2,4.146,68.581
1000,"CSC",2,1.306,8.563
1000,"FGR",3,4.142,67.345
1000,"CSC",3,0.873000000000005,5.17800000000001
2000,"CSC",1,1.975,30.216
2000,"FGR",1,6.509,90.371
2000,"CSC",2,1.791,30.049
2000,"FGR",2,6.805,92.122
2000,"FGR",3,6.34,88.559
2000,"CSC",3,2.32,43.319
4387,"FGR",1,18.66,154.783
4387,"CSC",1,5.51300000000001,83.853
4387,"FGR",2,16.942,145.295
4387,"CSC",2,6.494,119.68
4387,"FGR",3,17.122,146.47
4387,"CSC",3,3.23399999999999,42.592
8774,"CSC",1,8.95099999999999,125.925
8774,"FGR",1,47.165,287.868
8774,"CSC",2,7.68000000000001,98.5019999999999
8774,"FGR",2,46.369,284.409
17548,"CSC",1,28.381,388.354
17548,"FGR",1,154.242,773.887
17548,"CSC",2,13.827,112.913
17548,"FGR",2,150.67,758.777
35096,"FGR",1,619.939,2843.526
35096,"CSC",1,42.847,222.814
35096,"FGR",2,584.405,2706.821
35096,"CSC",2,39.519,182.858000000001
