"time","estimate","conf.low","conf.high","p_value","n","model"
" 5-years",-0.0501961903460989,-0.104471055872795,0.00407867518059719,0.0698818676787946,500,"CSC"
"10-years",-0.0613904234641129,-0.129509283653118,0.00672843672489254,0.0773340213964989,500,"CSC"
"15-years",-0.0666869364943158,-0.146322932026492,0.0129490590378604,0.100741840816073,500,"CSC"
" 5-years",-0.0470519925084228,-0.100458511482261,0.00635452646541524,0.0842108758797007,500,"FGR"
"10-years",-0.0624356306900046,-0.132408421598066,0.00753716021805714,0.0803177615089985,500,"FGR"
"15-years",-0.0728295166681574,-0.158717846450395,0.0130588131140801,0.0965201853584878,500,"FGR"
" 5-years",-0.0344145121527123,-0.0679914230036964,-0.000837601301728122,0.0445523266478362,1000,"FGR"
"10-years",-0.0495402941011045,-0.0946850950976854,-0.00439549310452369,0.0314924189838142,1000,"FGR"
"15-years",-0.0575415381271365,-0.111725941701388,-0.0033571345528854,0.0373974357032586,1000,"FGR"
" 5-years",-0.0319781302556841,-0.0690703706653403,0.00511411015397207,0.0910790420993564,1000,"CSC"
"10-years",-0.0465143176177033,-0.0985196563538257,0.00549102111841913,0.0795986124702324,1000,"CSC"
"15-years",-0.0550036762025582,-0.116633690050643,0.00662633764552693,0.0802508350812152,1000,"CSC"
" 5-years",-0.0417099954595225,-0.0668060032660043,-0.0166139876530407,0.00112400728583356,2000,"CSC"
"10-years",-0.0559936332815882,-0.0894890716729242,-0.0224981948902521,0.0010512786464275,2000,"CSC"
"15-years",-0.0652335955168784,-0.105183324164208,-0.0252838668695493,0.00137232378661798,2000,"CSC"
" 5-years",-0.0442063504487671,-0.0704243511544981,-0.0179883497430361,0.00095075164223122,2000,"FGR"
"10-years",-0.0604004641831216,-0.0941923362200878,-0.0266085921461554,0.000459548490212551,2000,"FGR"
"15-years",-0.0706636429765025,-0.110542376776873,-0.0307849091761321,0.000514706479899971,2000,"FGR"
" 5-years",-0.045201853269097,-0.0628794242459882,-0.0275242822922057,5.39620264775815e-07,4387,"FGR"
"10-years",-0.0631535480654729,-0.085750764253387,-0.0405563318775587,4.31115223472819e-08,4387,"FGR"
"15-years",-0.0721150909757396,-0.0973540949211401,-0.0468760870303392,2.14128562848515e-08,4387,"FGR"
" 5-years",-0.0425114983261509,-0.0593902213009376,-0.0256327753513642,7.95566096051425e-07,4387,"CSC"
"10-years",-0.0578508932578428,-0.081040315191593,-0.0346614713240926,1.01070530585751e-06,4387,"CSC"
"15-years",-0.0652944729784166,-0.0921546023888007,-0.0384343435680324,1.89331995282176e-06,4387,"CSC"
" 5-years",-0.0474802172506591,-0.059711060491172,-0.0352493740101461,2.77094515018448e-14,8774,"CSC"
"10-years",-0.0659922967401439,-0.0832617950886414,-0.0487227983916464,6.90567105643507e-14,8774,"CSC"
"15-years",-0.0756367612777754,-0.0956276811092697,-0.055645841446281,1.21045116080229e-13,8774,"CSC"
" 5-years",-0.0516025879012149,-0.0644676992231281,-0.0387374765793017,3.79527184782917e-15,8774,"FGR"
"10-years",-0.0728730207351955,-0.0920697080183327,-0.0536763334520582,1.00481318791525e-13,8774,"FGR"
"15-years",-0.0836977937519744,-0.10447486279117,-0.0629207247127787,2.89230376613258e-15,8774,"FGR"
" 5-years",-0.0370362524539437,-0.0455950827879677,-0.0284774221199197,2.22755749717534e-17,17548,"CSC"
"10-years",-0.0502058859827527,-0.0619322978006929,-0.0384794741648125,4.80137304775566e-17,17548,"CSC"
"15-years",-0.055862529593754,-0.0691471141978195,-0.0425779449896884,1.69675614606855e-16,17548,"CSC"
" 5-years",-0.0409106382170547,-0.0497719557521908,-0.0320493206819185,1.44684438103269e-19,17548,"FGR"
"10-years",-0.0569253339939965,-0.0693649434534399,-0.0444857245345531,2.99055450579685e-19,17548,"FGR"
"15-years",-0.0639151252236182,-0.0783970208777801,-0.0494332295694563,5.14077073450956e-18,17548,"FGR"
" 5-years",-0.0495664100065518,-0.0559317985447371,-0.0432010214683666,1.37044320414241e-52,35096,"FGR"
"10-years",-0.0683334455965311,-0.0766497876598139,-0.0600171035332484,2.3694890436384e-58,35096,"FGR"
"15-years",-0.0770000397903928,-0.0861006763778511,-0.0678994032029345,9.22492773681522e-62,35096,"FGR"
" 5-years",-0.0467569915297701,-0.052861869317564,-0.0406521137419763,6.19423484214935e-51,35096,"CSC"
"10-years",-0.0632861152040177,-0.0716592581818722,-0.0549129722261632,1.19207303069655e-49,35096,"CSC"
"15-years",-0.0707919998172258,-0.0804053112130297,-0.0611786884214219,3.20407959032119e-47,35096,"CSC"
