"n","cfg","rep","elapsed","cpu","error"
500,"CSC_surdiff_FALSE",1,1.52,6.532,NA
500,"FGR_surdiff_TRUE",1,4.365,59.197,NA
500,"FGR_surdiff_FALSE",1,2.609,31.81,NA
500,"CSC_surdiff_TRUE",1,2.091,7.825,NA
500,"FGR_surdiff_TRUE",2,4.36,59.783,NA
500,"FGR_surdiff_FALSE",2,2.703,31.917,NA
500,"CSC_surdiff_FALSE",2,1.516,6.625,NA
500,"CSC_surdiff_TRUE",2,2.105,7.779,NA
500,"FGR_surdiff_TRUE",3,4.702,58.993,NA
500,"FGR_surdiff_FALSE",3,2.925,37.239,NA
500,"CSC_surdiff_TRUE",3,2.223,7.93099999999998,NA
500,"CSC_surdiff_FALSE",3,1.498,6.51300000000001,NA
1000,"FGR_surdiff_FALSE",1,2.735,34.176,NA
1000,"CSC_surdiff_TRUE",1,2.22900000000001,10.87,NA
1000,"CSC_surdiff_FALSE",1,1.548,10.205,NA
1000,"FGR_surdiff_TRUE",1,4.684,66.961,NA
1000,"FGR_surdiff_TRUE",2,5.181,73.073,NA
1000,"FGR_surdiff_FALSE",2,3.191,42.393,NA
1000,"CSC_surdiff_FALSE",2,1.689,10.59,NA
1000,"CSC_surdiff_TRUE",2,2.428,12.112,NA
1000,"FGR_surdiff_TRUE",3,4.79599999999999,67.403,NA
1000,"FGR_surdiff_FALSE",3,2.747,33.927,NA
1000,"CSC_surdiff_TRUE",3,2.346,11.722,NA
1000,"CSC_surdiff_FALSE",3,1.649,10.142,NA
2000,"CSC_surdiff_FALSE",1,2.117,15.278,NA
2000,"FGR_surdiff_FALSE",1,3.34399999999999,45.136,NA
2000,"CSC_surdiff_TRUE",1,3.14,17.182,NA
2000,"FGR_surdiff_TRUE",1,5.938,86.641,NA
2000,"FGR_surdiff_TRUE",2,6.056,84.054,NA
2000,"FGR_surdiff_FALSE",2,3.67099999999999,47.818,NA
2000,"CSC_surdiff_FALSE",2,2.22,14.4549999999999,NA
2000,"CSC_surdiff_TRUE",2,3.048,17.497,NA
2000,"FGR_surdiff_TRUE",3,5.754,84.2400000000001,NA
2000,"FGR_surdiff_FALSE",3,3.73100000000001,51.5129999999999,NA
2000,"CSC_surdiff_TRUE",3,3.21799999999999,18.6960000000001,NA
2000,"CSC_surdiff_FALSE",3,2.23699999999999,14.896,NA
4387,"FGR_surdiff_TRUE",1,10.848,147.108,NA
4387,"CSC_surdiff_TRUE",1,4.90899999999999,60.724,NA
4387,"CSC_surdiff_FALSE",1,3.696,40.639,NA
4387,"FGR_surdiff_FALSE",1,5.97900000000001,75.5800000000001,NA
4387,"FGR_surdiff_TRUE",2,10.38,135.888,NA
4387,"FGR_surdiff_FALSE",2,6.131,76.445,NA
4387,"CSC_surdiff_FALSE",2,3.70000000000002,38.7969999999999,NA
4387,"CSC_surdiff_TRUE",2,5.03800000000001,60.674,NA
4387,"FGR_surdiff_TRUE",3,10.764,140.036,NA
4387,"FGR_surdiff_FALSE",3,6.166,77.2159999999998,NA
4387,"CSC_surdiff_TRUE",3,4.90099999999998,60.5330000000002,NA
4387,"CSC_surdiff_FALSE",3,3.54300000000001,36.7220000000001,NA
8774,"CSC_surdiff_FALSE",1,5.38299999999998,49.9159999999998,NA
8774,"FGR_surdiff_FALSE",1,12.558,127.398,NA
8774,"CSC_surdiff_TRUE",1,7.404,81.9659999999999,NA
8774,"FGR_surdiff_TRUE",1,20.079,218.547,NA
8774,"FGR_surdiff_TRUE",2,20.616,222.913,NA
8774,"FGR_surdiff_FALSE",2,12.403,123.517,NA
8774,"CSC_surdiff_FALSE",2,6.09899999999999,51.4769999999998,NA
8774,"CSC_surdiff_TRUE",2,7.43100000000004,89.8090000000001,NA
17548,"CSC_surdiff_FALSE",1,13.617,119.376,NA
17548,"FGR_surdiff_TRUE",1,52.327,428.573,NA
17548,"FGR_surdiff_FALSE",1,30.501,232.296,NA
17548,"CSC_surdiff_TRUE",1,12.764,109.029,NA
17548,"FGR_surdiff_TRUE",2,51.297,422.147,NA
17548,"FGR_surdiff_FALSE",2,31.605,234.968000000001,NA
17548,"CSC_surdiff_FALSE",2,11.289,80.5219999999997,NA
17548,"CSC_surdiff_TRUE",2,13.025,121.197,NA
35096,"FGR_surdiff_FALSE",1,100.184,617.629999999999,NA
35096,"CSC_surdiff_TRUE",1,30.999,163.012,NA
35096,"CSC_surdiff_FALSE",1,28.1,112.119,NA
35096,"FGR_surdiff_TRUE",1,169.37,1122.895,NA
35096,"FGR_surdiff_TRUE",2,169.012,1122.008,NA
35096,"FGR_surdiff_FALSE",2,100.106,604.607,NA
35096,"CSC_surdiff_FALSE",2,28.2189999999998,111.016,NA
35096,"CSC_surdiff_TRUE",2,31.2269999999999,169.634,NA
