"n","stratum","SP_F_Female","SP_C_Female","SP_F_Male","SP_C_Male","SD_FGR","p_FGR","SD_CSC","p_CSC","HR"
500,"below_54","0.118 (0.072, 0.162)","0.119 (0.060, 0.178)","0.177 (0.123, 0.249)","0.179 (0.109, 0.249)","-0.059 (-0.145, 0.027)","0.177","-0.060 (-0.152, 0.031)","0.197","1.91 (0.97, 3.78)"
500,"above_54","0.131 (0.078, 0.199)","0.133 (0.064, 0.201)","0.184 (0.110, 0.247)","0.184 (0.111, 0.257)","-0.053 (-0.157, 0.050)","0.313","-0.051 (-0.151, 0.049)","0.316","1.44 (0.69, 3.03)"
1000,"below_54","0.148 (0.104, 0.179)","0.150 (0.102, 0.197)","0.172 (0.119, 0.228)","0.171 (0.115, 0.226)","-0.024 (-0.092, 0.045)","0.499","-0.021 (-0.094, 0.052)","0.568","1.54 (0.92, 2.56) "
1000,"above_54","0.165 (0.115, 0.219)","0.166 (0.117, 0.216)","0.207 (0.158, 0.268)","0.205 (0.153, 0.257)","-0.042 (-0.117, 0.032)","0.267","-0.039 (-0.111, 0.033)","0.289","1.35 (0.83, 2.20) "
2000,"below_54","0.094 (0.076, 0.116)","0.095 (0.069, 0.122)","0.155 (0.128, 0.184)","0.154 (0.119, 0.189)","-0.061 (-0.096, -0.025)***","0.001***","-0.058 (-0.102, -0.014)**","0.010**","1.90 (1.30, 2.76)***"
2000,"above_54","0.155 (0.132, 0.186)","0.157 (0.126, 0.189)","0.211 (0.183, 0.236)","0.210 (0.173, 0.247)","-0.056 (-0.102, -0.011)*","0.014*","-0.053 (-0.101, -0.004)*","0.033*","1.55 (1.10, 2.18)*  "
4387,"below_54","0.090 (0.076, 0.105)","0.091 (0.072, 0.110)","0.151 (0.129, 0.171)","0.149 (0.125, 0.174)","-0.061 (-0.090, -0.032)***","<0.001***","-0.058 (-0.089, -0.027)***","<0.001***","1.93 (1.46, 2.53)***"
4387,"above_54","0.156 (0.135, 0.175)","0.159 (0.137, 0.181)","0.220 (0.195, 0.258)","0.217 (0.192, 0.242)","-0.064 (-0.102, -0.027)***","0.001***","-0.058 (-0.092, -0.025)***","0.001***","1.61 (1.28, 2.03)***"
8774,"below_54","0.102 (0.092, 0.117)","0.103 (0.089, 0.117)","0.163 (0.148, 0.179)","0.162 (0.144, 0.179)","-0.061 (-0.083, -0.038)***","<0.001***","-0.058 (-0.081, -0.036)***","<0.001***","1.82 (1.52, 2.18)***"
8774,"above_54","0.160 (0.145, 0.173)","0.164 (0.147, 0.180)","0.240 (0.221, 0.256)","0.235 (0.215, 0.254)","-0.080 (-0.107, -0.054)***","<0.001***","-0.071 (-0.096, -0.046)***","<0.001***","1.81 (1.54, 2.13)***"
17548,"below_54","0.102 (0.094, 0.114)","0.103 (0.093, 0.113)","0.153 (0.139, 0.162)","0.152 (0.139, 0.164)","-0.050 (-0.066, -0.034)***","<0.001***","-0.048 (-0.064, -0.032)***","<0.001***","1.68 (1.47, 1.92)***"
17548,"above_54","0.151 (0.137, 0.160)","0.156 (0.144, 0.167)","0.212 (0.197, 0.224)","0.208 (0.195, 0.220)","-0.061 (-0.079, -0.042)***","<0.001***","-0.052 (-0.069, -0.036)***","<0.001***","1.60 (1.43, 1.80)***"
35096,"below_54","0.094 (0.085, 0.100)","0.095 (0.088, 0.102)","0.161 (0.153, 0.167)","0.159 (0.150, 0.168)","-0.067 (-0.078, -0.056)***","<0.001***","-0.064 (-0.075, -0.053)***","<0.001***","1.98 (1.80, 2.18)***"
35096,"above_54","0.159 (0.152, 0.168)","0.162 (0.154, 0.170)","0.228 (0.219, 0.236)","0.226 (0.217, 0.235)","-0.070 (-0.082, -0.057)***","<0.001***","-0.064 (-0.076, -0.052)***","<0.001***","1.68 (1.55, 1.81)***"
