round,num_trees,min_node_size,build_s,gc_s,terminal_nodes_m,holdout_cindex,brier_120
1,500,3,11.29,1.82,0.60,0.7132,0.1907
1,300,3,5.92,0.48,0.36,0.7132,0.1907
1,200,3,4.09,0.54,0.24,0.7131,0.1907
1,500,15,14.27,4.65,0.50,0.7133,0.1907
1,500,30,10.05,1.68,0.40,0.7136,0.1906
1,200,15,3.86,0.53,0.20,0.7131,0.1907
2,200,15,3.99,0.57,0.20,0.7132,0.1907
2,500,30,14.87,5.38,0.40,0.7134,0.1906
2,500,15,12.50,2.36,0.49,0.7132,0.1907
2,200,3,4.04,0.54,0.24,0.7130,0.1908
2,300,3,7.41,1.80,0.36,0.7129,0.1909
2,500,3,12.74,3.04,0.59,0.7129,0.1908
