"platform","scenario","label","version","rep","seconds"
"WSL（Linux R，Python SHAP）","gpu_surv_rf","GPU · 生存 ranger","优化后（0d3247c）",1,3.98
"WSL（Linux R，Python SHAP）","gpu_surv_rf","GPU · 生存 ranger","优化后（0d3247c）",2,2.16
"WSL（Linux R，Python SHAP）","gpu_surv_rf","GPU · 生存 ranger","优化后（0d3247c）",3,2.23
"WSL（Linux R，Python SHAP）","gpu_surv_rf_plots","GPU · 生存 ranger + 作图","优化后（0d3247c）",1,3.84
"WSL（Linux R，Python SHAP）","gpu_surv_rf_plots","GPU · 生存 ranger + 作图","优化后（0d3247c）",2,3.4
"WSL（Linux R，Python SHAP）","gpu_surv_rf_plots","GPU · 生存 ranger + 作图","优化后（0d3247c）",3,2.92
"WSL（Linux R，Python SHAP）","gpu_class_rf","GPU · 分类 ranger","优化后（0d3247c）",1,0.81
"WSL（Linux R，Python SHAP）","gpu_class_rf","GPU · 分类 ranger","优化后（0d3247c）",2,0.89
"WSL（Linux R，Python SHAP）","gpu_class_rf","GPU · 分类 ranger","优化后（0d3247c）",3,0.85
"WSL（Linux R，Python SHAP）","gpu_surv_xgb","GPU · 生存 XGBoost","优化后（0d3247c）",1,0.37
"WSL（Linux R，Python SHAP）","gpu_surv_xgb","GPU · 生存 XGBoost","优化后（0d3247c）",2,0.36
"WSL（Linux R，Python SHAP）","gpu_surv_xgb","GPU · 生存 XGBoost","优化后（0d3247c）",3,0.37
"WSL（Linux R，Python SHAP）","gpu_class_xgb","GPU · 分类 XGBoost","优化后（0d3247c）",1,0.36
"WSL（Linux R，Python SHAP）","gpu_class_xgb","GPU · 分类 XGBoost","优化后（0d3247c）",2,0.34
"WSL（Linux R，Python SHAP）","gpu_class_xgb","GPU · 分类 XGBoost","优化后（0d3247c）",3,0.35
"WSL（Linux R，Python SHAP）","gpu_class_lgb","GPU · 分类 LightGBM","优化后（0d3247c）",1,1.31
"WSL（Linux R，Python SHAP）","gpu_class_lgb","GPU · 分类 LightGBM","优化后（0d3247c）",2,1.37
"WSL（Linux R，Python SHAP）","gpu_class_lgb","GPU · 分类 LightGBM","优化后（0d3247c）",3,1.21
"WSL（Linux R，Python SHAP）","cpu_surv_rf","CPU · 生存 ranger","优化后（0d3247c）",1,16.88
"WSL（Linux R，Python SHAP）","cpu_class_rf","CPU · 分类 ranger","优化后（0d3247c）",1,15.02
"WSL（Linux R，Python SHAP）","cpu_class_xgb","CPU · 分类 XGBoost","优化后（0d3247c）",1,4.1
"WSL（Linux R，Python SHAP）","cpu_class_xgb","CPU · 分类 XGBoost","优化后（0d3247c）",2,3.9
"WSL（Linux R，Python SHAP）","cpu_class_xgb","CPU · 分类 XGBoost","优化后（0d3247c）",3,4.03
"WSL（Linux R，Python SHAP）","gpu_surv_rf_cont","GPU · 生存 ranger，连续变量","优化后（0d3247c）",1,3.11
"WSL（Linux R，Python SHAP）","gpu_surv_rf","GPU · 生存 ranger","优化前（df0486b）",1,11.11
"WSL（Linux R，Python SHAP）","gpu_surv_rf","GPU · 生存 ranger","优化前（df0486b）",2,8
"WSL（Linux R，Python SHAP）","gpu_surv_rf","GPU · 生存 ranger","优化前（df0486b）",3,7.73
"WSL（Linux R，Python SHAP）","gpu_surv_rf_plots","GPU · 生存 ranger + 作图","优化前（df0486b）",1,9.91
"WSL（Linux R，Python SHAP）","gpu_surv_rf_plots","GPU · 生存 ranger + 作图","优化前（df0486b）",2,9.12
"WSL（Linux R，Python SHAP）","gpu_surv_rf_plots","GPU · 生存 ranger + 作图","优化前（df0486b）",3,9.23
"WSL（Linux R，Python SHAP）","gpu_class_rf","GPU · 分类 ranger","优化前（df0486b）",1,0.82
"WSL（Linux R，Python SHAP）","gpu_class_rf","GPU · 分类 ranger","优化前（df0486b）",2,0.84
"WSL（Linux R，Python SHAP）","gpu_class_rf","GPU · 分类 ranger","优化前（df0486b）",3,0.92
"WSL（Linux R，Python SHAP）","gpu_surv_xgb","GPU · 生存 XGBoost","优化前（df0486b）",1,0.38
"WSL（Linux R，Python SHAP）","gpu_surv_xgb","GPU · 生存 XGBoost","优化前（df0486b）",2,0.38
"WSL（Linux R，Python SHAP）","gpu_surv_xgb","GPU · 生存 XGBoost","优化前（df0486b）",3,0.39
"WSL（Linux R，Python SHAP）","gpu_class_xgb","GPU · 分类 XGBoost","优化前（df0486b）",1,0.38
"WSL（Linux R，Python SHAP）","gpu_class_xgb","GPU · 分类 XGBoost","优化前（df0486b）",2,0.38
"WSL（Linux R，Python SHAP）","gpu_class_xgb","GPU · 分类 XGBoost","优化前（df0486b）",3,0.37
"WSL（Linux R，Python SHAP）","gpu_class_lgb","GPU · 分类 LightGBM","优化前（df0486b）",1,1.15
"WSL（Linux R，Python SHAP）","gpu_class_lgb","GPU · 分类 LightGBM","优化前（df0486b）",2,1.12
"WSL（Linux R，Python SHAP）","gpu_class_lgb","GPU · 分类 LightGBM","优化前（df0486b）",3,1.15
"WSL（Linux R，Python SHAP）","cpu_surv_rf","CPU · 生存 ranger","优化前（df0486b）",1,41.18
"WSL（Linux R，Python SHAP）","cpu_class_rf","CPU · 分类 ranger","优化前（df0486b）",1,26.58
"WSL（Linux R，Python SHAP）","cpu_class_xgb","CPU · 分类 XGBoost","优化前（df0486b）",1,3.85
"WSL（Linux R，Python SHAP）","cpu_class_xgb","CPU · 分类 XGBoost","优化前（df0486b）",2,3.7
"WSL（Linux R，Python SHAP）","cpu_class_xgb","CPU · 分类 XGBoost","优化前（df0486b）",3,3.85
"WSL（Linux R，Python SHAP）","gpu_surv_rf_cont","GPU · 生存 ranger，连续变量","优化前（df0486b）",1,95.83
"WSL（Linux R，Python SHAP）","cold_surv_rf_plots","会话首次调用 · 生存 ranger + 作图","优化后（0d3247c）",1,7.62
"WSL（Linux R，Python SHAP）","cold_surv_rf_plots","会话首次调用 · 生存 ranger + 作图","优化前（df0486b）",1,18.77
"Windows R（treeshap）","ts_surv_rf","treeshap · 生存 ranger","优化后（0d3247c）",1,12.2
"Windows R（treeshap）","ts_surv_rf_plots","treeshap · 生存 ranger + 作图","优化后（0d3247c）",1,13.14
"Windows R（treeshap）","ts_class_rf","treeshap · 分类 ranger","优化后（0d3247c）",1,9.54
"Windows R（treeshap）","ts_surv_rf_noint","treeshap · 生存 ranger，不算交互","优化后（0d3247c）",1,8.53
"Windows R（treeshap）","ts_surv_rf_noint","treeshap · 生存 ranger，不算交互","优化后（0d3247c）",2,7.89
"Windows R（treeshap）","ts_surv_rf_noint","treeshap · 生存 ranger，不算交互","优化后（0d3247c）",3,6.09
"Windows R（treeshap）","ts_surv_xgb","treeshap · 生存 XGBoost","优化后（0d3247c）",1,7.97
"Windows R（treeshap）","ts_surv_xgb","treeshap · 生存 XGBoost","优化后（0d3247c）",2,8
"Windows R（treeshap）","ts_surv_xgb","treeshap · 生存 XGBoost","优化后（0d3247c）",3,8.11
"Windows R（treeshap）","ts_class_xgb","treeshap · 分类 XGBoost","优化后（0d3247c）",1,7.47
"Windows R（treeshap）","ts_class_xgb","treeshap · 分类 XGBoost","优化后（0d3247c）",2,7.54
"Windows R（treeshap）","ts_class_xgb","treeshap · 分类 XGBoost","优化后（0d3247c）",3,7.61
"Windows R（treeshap）","ts_class_lgb","treeshap · 分类 LightGBM","优化后（0d3247c）",1,9.89
"Windows R（treeshap）","ts_class_lgb","treeshap · 分类 LightGBM","优化后（0d3247c）",2,9.37
"Windows R（treeshap）","ts_class_lgb","treeshap · 分类 LightGBM","优化后（0d3247c）",3,9.9
"Windows R（treeshap）","ts_surv_rf_cont","treeshap · 生存 ranger，连续变量","优化后（0d3247c）",1,13.19
"Windows R（treeshap）","ts_surv_rf","treeshap · 生存 ranger","优化前（df0486b）",1,67.01
"Windows R（treeshap）","ts_surv_rf_plots","treeshap · 生存 ranger + 作图","优化前（df0486b）",1,61.84
"Windows R（treeshap）","ts_class_rf","treeshap · 分类 ranger","优化前（df0486b）",1,42.12
"Windows R（treeshap）","ts_surv_rf_noint","treeshap · 生存 ranger，不算交互","优化前（df0486b）",1,15
"Windows R（treeshap）","ts_surv_rf_noint","treeshap · 生存 ranger，不算交互","优化前（df0486b）",2,14.76
"Windows R（treeshap）","ts_surv_rf_noint","treeshap · 生存 ranger，不算交互","优化前（df0486b）",3,14.6
"Windows R（treeshap）","ts_surv_xgb","treeshap · 生存 XGBoost","优化前（df0486b）",1,8.11
"Windows R（treeshap）","ts_surv_xgb","treeshap · 生存 XGBoost","优化前（df0486b）",2,8.39
"Windows R（treeshap）","ts_surv_xgb","treeshap · 生存 XGBoost","优化前（df0486b）",3,7.88
"Windows R（treeshap）","ts_class_xgb","treeshap · 分类 XGBoost","优化前（df0486b）",1,7.39
"Windows R（treeshap）","ts_class_xgb","treeshap · 分类 XGBoost","优化前（df0486b）",2,7.62
"Windows R（treeshap）","ts_class_xgb","treeshap · 分类 XGBoost","优化前（df0486b）",3,7.28
"Windows R（treeshap）","ts_class_lgb","treeshap · 分类 LightGBM","优化前（df0486b）",1,9.86
"Windows R（treeshap）","ts_class_lgb","treeshap · 分类 LightGBM","优化前（df0486b）",2,10.07
"Windows R（treeshap）","ts_class_lgb","treeshap · 分类 LightGBM","优化前（df0486b）",3,10.08
"Windows R（treeshap）","ts_surv_rf_cont","treeshap · 生存 ranger，连续变量","优化前（df0486b）",1,163.17
"Windows R（treeshap）","cold_surv_rf_plots","会话首次调用 · 生存 ranger + 作图","优化后（0d3247c）",1,16.28
"Windows R（treeshap）","cold_surv_rf_plots","会话首次调用 · 生存 ranger + 作图","优化前（df0486b）",1,67.5
