version,commit,n,model,call,compute_s,render_s
优化前（78e5ec5）,78e5ec5,10000,sur_cox,get_exp(),0.42,NA
优化前（78e5ec5）,78e5ec5,10000,sur_cox,get_vpd(Age),0.11,0.46
优化前（78e5ec5）,78e5ec5,10000,sur_cox,get_vpd(T_stage),0.17,0.47
优化前（78e5ec5）,78e5ec5,10000,sur_cox,"get_vpd(Sex, Age)",0.2,0.38
优化前（78e5ec5）,78e5ec5,10000,sur_cox,get_ale(Age),0.09,0.29
优化前（78e5ec5）,78e5ec5,10000,sur_cox,get_ale(T_stage),0.13,0.28
优化前（78e5ec5）,78e5ec5,10000,sur_cox,"get_ale(Sex, Age)",0.18,0.36
优化前（78e5ec5）,78e5ec5,10000,sur_cox,"get_ale2(Age, Tum)",0.14,0.12
优化前（78e5ec5）,78e5ec5,10000,sur_cox,"get_ale2(Sex, Age)",0.16,0.12
优化前（78e5ec5）,78e5ec5,10000,sur_rf,get_exp(),11.05,NA
优化前（78e5ec5）,78e5ec5,10000,sur_rf,get_vpd(Age),1.54,0.36
优化前（78e5ec5）,78e5ec5,10000,sur_rf,get_vpd(T_stage),1.19,0.4
优化前（78e5ec5）,78e5ec5,10000,sur_rf,"get_vpd(Sex, Age)",12.43,0.32
优化前（78e5ec5）,78e5ec5,10000,sur_rf,get_ale(Age),1.92,0.24
优化前（78e5ec5）,78e5ec5,10000,sur_rf,get_ale(T_stage),1.95,0.25
优化前（78e5ec5）,78e5ec5,10000,sur_rf,"get_ale(Sex, Age)",3.41,0.29
优化前（78e5ec5）,78e5ec5,10000,sur_rf,"get_ale2(Age, Tum)",2.51,0.09
优化前（78e5ec5）,78e5ec5,10000,sur_rf,"get_ale2(Sex, Age)",4.47,0.09
优化前（78e5ec5）,78e5ec5,10000,sur_xgb,get_exp(),0.72,NA
优化前（78e5ec5）,78e5ec5,10000,sur_xgb,get_vpd(Age),0.29,0.35
优化前（78e5ec5）,78e5ec5,10000,sur_xgb,get_vpd(T_stage),0.24,0.41
优化前（78e5ec5）,78e5ec5,10000,sur_xgb,"get_vpd(Sex, Age)",0.92,0.31
优化前（78e5ec5）,78e5ec5,10000,sur_xgb,get_ale(Age),0.52,0.49
优化前（78e5ec5）,78e5ec5,10000,sur_xgb,get_ale(T_stage),1.3,0.36
优化前（78e5ec5）,78e5ec5,10000,sur_xgb,"get_ale(Sex, Age)",0.74,0.3
优化前（78e5ec5）,78e5ec5,10000,sur_xgb,"get_ale2(Age, Tum)",0.7,0.09
优化前（78e5ec5）,78e5ec5,10000,sur_xgb,"get_ale2(Sex, Age)",1.31,0.08
优化前（78e5ec5）,78e5ec5,10000,log_glm,get_exp(),0.31,NA
优化前（78e5ec5）,78e5ec5,10000,log_glm,get_vpd(Age),0.11,1.02
优化前（78e5ec5）,78e5ec5,10000,log_glm,get_vpd(T_stage),0.14,0.45
优化前（78e5ec5）,78e5ec5,10000,log_glm,"get_vpd(Sex, Age)",0.11,0.46
优化前（78e5ec5）,78e5ec5,10000,log_glm,get_ale(Age),0.07,0.25
优化前（78e5ec5）,78e5ec5,10000,log_glm,get_ale(T_stage),0.1,0.27
优化前（78e5ec5）,78e5ec5,10000,log_glm,"get_ale(Sex, Age)",0.09,0.25
优化前（78e5ec5）,78e5ec5,10000,log_glm,"get_ale2(Age, Tum)",0.08,0.1
优化前（78e5ec5）,78e5ec5,10000,log_glm,"get_ale2(Sex, Age)",0.09,0.09
优化前（78e5ec5）,78e5ec5,10000,log_rf,get_exp(),5.11,NA
优化前（78e5ec5）,78e5ec5,10000,log_rf,get_vpd(Age),0.33,0.47
优化前（78e5ec5）,78e5ec5,10000,log_rf,get_vpd(T_stage),0.22,0.38
优化前（78e5ec5）,78e5ec5,10000,log_rf,"get_vpd(Sex, Age)",0.29,0.43
优化前（78e5ec5）,78e5ec5,10000,log_rf,get_ale(Age),0.32,0.24
优化前（78e5ec5）,78e5ec5,10000,log_rf,get_ale(T_stage),0.44,0.26
优化前（78e5ec5）,78e5ec5,10000,log_rf,"get_ale(Sex, Age)",0.41,0.27
优化前（78e5ec5）,78e5ec5,10000,log_rf,"get_ale2(Age, Tum)",0.55,0.1
优化前（78e5ec5）,78e5ec5,10000,log_rf,"get_ale2(Sex, Age)",0.89,0.12
优化前（78e5ec5）,78e5ec5,10000,log_xgb,get_exp(),3.41,NA
优化前（78e5ec5）,78e5ec5,10000,log_xgb,get_vpd(Age),0.23,0.44
优化前（78e5ec5）,78e5ec5,10000,log_xgb,get_vpd(T_stage),0.22,0.45
优化前（78e5ec5）,78e5ec5,10000,log_xgb,"get_vpd(Sex, Age)",0.25,0.43
优化前（78e5ec5）,78e5ec5,10000,log_xgb,get_ale(Age),0.21,0.26
优化前（78e5ec5）,78e5ec5,10000,log_xgb,get_ale(T_stage),0.28,0.25
优化前（78e5ec5）,78e5ec5,10000,log_xgb,"get_ale(Sex, Age)",0.29,0.24
优化前（78e5ec5）,78e5ec5,10000,log_xgb,"get_ale2(Age, Tum)",0.34,0.09
优化前（78e5ec5）,78e5ec5,10000,log_xgb,"get_ale2(Sex, Age)",0.47,0.08
优化前（78e5ec5）,78e5ec5,50000,sur_cox,get_exp(),6.39,NA
优化前（78e5ec5）,78e5ec5,50000,sur_cox,get_vpd(Age),0.11,0.61
优化前（78e5ec5）,78e5ec5,50000,sur_cox,get_vpd(T_stage),0.2,0.42
优化前（78e5ec5）,78e5ec5,50000,sur_cox,"get_vpd(Sex, Age)",0.35,0.56
优化前（78e5ec5）,78e5ec5,50000,sur_cox,get_ale(Age),0.12,0.56
优化前（78e5ec5）,78e5ec5,50000,sur_cox,get_ale(T_stage),0.18,0.27
优化前（78e5ec5）,78e5ec5,50000,sur_cox,"get_ale(Sex, Age)",0.25,0.54
优化前（78e5ec5）,78e5ec5,50000,sur_cox,"get_ale2(Age, Tum)",0.14,0.09
优化前（78e5ec5）,78e5ec5,50000,sur_cox,"get_ale2(Sex, Age)",0.23,0.08
优化前（78e5ec5）,78e5ec5,50000,sur_rf,get_exp(),44.76,NA
优化前（78e5ec5）,78e5ec5,50000,sur_rf,get_vpd(Age),2.9,0.58
优化前（78e5ec5）,78e5ec5,50000,sur_rf,get_vpd(T_stage),2.76,0.42
优化前（78e5ec5）,78e5ec5,50000,sur_rf,"get_vpd(Sex, Age)",42.8,0.58
优化前（78e5ec5）,78e5ec5,50000,sur_rf,get_ale(Age),3.54,0.53
优化前（78e5ec5）,78e5ec5,50000,sur_rf,get_ale(T_stage),3.29,0.28
优化前（78e5ec5）,78e5ec5,50000,sur_rf,"get_ale(Sex, Age)",7.4,0.47
优化前（78e5ec5）,78e5ec5,50000,sur_rf,"get_ale2(Age, Tum)",4.44,0.09
优化前（78e5ec5）,78e5ec5,50000,sur_rf,"get_ale2(Sex, Age)",8.31,0.08
优化前（78e5ec5）,78e5ec5,50000,sur_xgb,get_exp(),4.89,NA
优化前（78e5ec5）,78e5ec5,50000,sur_xgb,get_vpd(Age),0.49,0.57
优化前（78e5ec5）,78e5ec5,50000,sur_xgb,get_vpd(T_stage),0.44,0.39
优化前（78e5ec5）,78e5ec5,50000,sur_xgb,"get_vpd(Sex, Age)",1.83,0.51
优化前（78e5ec5）,78e5ec5,50000,sur_xgb,get_ale(Age),0.82,0.62
优化前（78e5ec5）,78e5ec5,50000,sur_xgb,get_ale(T_stage),1.94,0.3
优化前（78e5ec5）,78e5ec5,50000,sur_xgb,"get_ale(Sex, Age)",1.52,0.59
优化前（78e5ec5）,78e5ec5,50000,sur_xgb,"get_ale2(Age, Tum)",1.77,0.09
优化前（78e5ec5）,78e5ec5,50000,sur_xgb,"get_ale2(Sex, Age)",2.16,0.08
优化前（78e5ec5）,78e5ec5,50000,log_glm,get_exp(),0.45,NA
优化前（78e5ec5）,78e5ec5,50000,log_glm,get_vpd(Age),0.11,0.64
优化前（78e5ec5）,78e5ec5,50000,log_glm,get_vpd(T_stage),0.12,0.41
优化前（78e5ec5）,78e5ec5,50000,log_glm,"get_vpd(Sex, Age)",0.09,0.69
优化前（78e5ec5）,78e5ec5,50000,log_glm,get_ale(Age),0.07,0.54
优化前（78e5ec5）,78e5ec5,50000,log_glm,get_ale(T_stage),0.1,0.28
优化前（78e5ec5）,78e5ec5,50000,log_glm,"get_ale(Sex, Age)",0.09,0.55
优化前（78e5ec5）,78e5ec5,50000,log_glm,"get_ale2(Age, Tum)",0.09,0.09
优化前（78e5ec5）,78e5ec5,50000,log_glm,"get_ale2(Sex, Age)",0.1,0.09
优化前（78e5ec5）,78e5ec5,50000,log_rf,get_exp(),9.37,NA
优化前（78e5ec5）,78e5ec5,50000,log_rf,get_vpd(Age),0.48,1.31
优化前（78e5ec5）,78e5ec5,50000,log_rf,get_vpd(T_stage),0.29,0.41
优化前（78e5ec5）,78e5ec5,50000,log_rf,"get_vpd(Sex, Age)",0.46,0.76
优化前（78e5ec5）,78e5ec5,50000,log_rf,get_ale(Age),0.43,0.66
优化前（78e5ec5）,78e5ec5,50000,log_rf,get_ale(T_stage),0.66,0.34
优化前（78e5ec5）,78e5ec5,50000,log_rf,"get_ale(Sex, Age)",0.75,0.65
优化前（78e5ec5）,78e5ec5,50000,log_rf,"get_ale2(Age, Tum)",0.87,0.1
优化前（78e5ec5）,78e5ec5,50000,log_rf,"get_ale2(Sex, Age)",1.2,0.14
优化前（78e5ec5）,78e5ec5,50000,log_xgb,get_exp(),4.97,NA
优化前（78e5ec5）,78e5ec5,50000,log_xgb,get_vpd(Age),0.25,0.75
优化前（78e5ec5）,78e5ec5,50000,log_xgb,get_vpd(T_stage),0.22,0.45
优化前（78e5ec5）,78e5ec5,50000,log_xgb,"get_vpd(Sex, Age)",0.25,0.78
优化前（78e5ec5）,78e5ec5,50000,log_xgb,get_ale(Age),0.21,0.63
优化前（78e5ec5）,78e5ec5,50000,log_xgb,get_ale(T_stage),0.31,0.3
优化前（78e5ec5）,78e5ec5,50000,log_xgb,"get_ale(Sex, Age)",0.4,0.58
优化前（78e5ec5）,78e5ec5,50000,log_xgb,"get_ale2(Age, Tum)",0.37,0.12
优化前（78e5ec5）,78e5ec5,50000,log_xgb,"get_ale2(Sex, Age)",0.59,0.1
优化后（d67b1ae）,d67b1ae,10000,sur_cox,get_exp(),0.07,NA
优化后（d67b1ae）,d67b1ae,10000,sur_cox,get_vpd(Age),0.14,0.53
优化后（d67b1ae）,d67b1ae,10000,sur_cox,get_vpd(T_stage),0.21,0.47
优化后（d67b1ae）,d67b1ae,10000,sur_cox,"get_vpd(Sex, Age)",0.21,0.45
优化后（d67b1ae）,d67b1ae,10000,sur_cox,get_ale(Age),0.13,0.4
优化后（d67b1ae）,d67b1ae,10000,sur_cox,get_ale(T_stage),0.17,0.35
优化后（d67b1ae）,d67b1ae,10000,sur_cox,"get_ale(Sex, Age)",0.16,0.35
优化后（d67b1ae）,d67b1ae,10000,sur_cox,"get_ale2(Age, Tum)",0.13,0.55
优化后（d67b1ae）,d67b1ae,10000,sur_cox,"get_ale2(Sex, Age)",0.25,0.5
优化后（d67b1ae）,d67b1ae,10000,sur_rf,get_exp(),10.44,NA
优化后（d67b1ae）,d67b1ae,10000,sur_rf,get_vpd(Age),0.55,0.47
优化后（d67b1ae）,d67b1ae,10000,sur_rf,get_vpd(T_stage),0.42,0.63
优化后（d67b1ae）,d67b1ae,10000,sur_rf,"get_vpd(Sex, Age)",11,0.59
优化后（d67b1ae）,d67b1ae,10000,sur_rf,get_ale(Age),0.99,0.37
优化后（d67b1ae）,d67b1ae,10000,sur_rf,get_ale(T_stage),0.83,0.37
优化后（d67b1ae）,d67b1ae,10000,sur_rf,"get_ale(Sex, Age)",1.2,0.37
优化后（d67b1ae）,d67b1ae,10000,sur_rf,"get_ale2(Age, Tum)",1.06,0.22
优化后（d67b1ae）,d67b1ae,10000,sur_rf,"get_ale2(Sex, Age)",1.78,0.17
优化后（d67b1ae）,d67b1ae,10000,sur_xgb,get_exp(),0.72,NA
优化后（d67b1ae）,d67b1ae,10000,sur_xgb,get_vpd(Age),0.41,0.69
优化后（d67b1ae）,d67b1ae,10000,sur_xgb,get_vpd(T_stage),0.4,0.51
优化后（d67b1ae）,d67b1ae,10000,sur_xgb,"get_vpd(Sex, Age)",1.33,0.48
优化后（d67b1ae）,d67b1ae,10000,sur_xgb,get_ale(Age),0.68,0.4
优化后（d67b1ae）,d67b1ae,10000,sur_xgb,get_ale(T_stage),0.92,0.53
优化后（d67b1ae）,d67b1ae,10000,sur_xgb,"get_ale(Sex, Age)",1.02,0.5
优化后（d67b1ae）,d67b1ae,10000,sur_xgb,"get_ale2(Age, Tum)",1.25,0.12
优化后（d67b1ae）,d67b1ae,10000,sur_xgb,"get_ale2(Sex, Age)",1.94,0.14
优化后（d67b1ae）,d67b1ae,10000,log_glm,get_exp(),0.11,NA
优化后（d67b1ae）,d67b1ae,10000,log_glm,get_vpd(Age),0.13,0.57
优化后（d67b1ae）,d67b1ae,10000,log_glm,get_vpd(T_stage),0.18,0.54
优化后（d67b1ae）,d67b1ae,10000,log_glm,"get_vpd(Sex, Age)",0.14,0.58
优化后（d67b1ae）,d67b1ae,10000,log_glm,get_ale(Age),0.09,0.35
优化后（d67b1ae）,d67b1ae,10000,log_glm,get_ale(T_stage),0.14,0.35
优化后（d67b1ae）,d67b1ae,10000,log_glm,"get_ale(Sex, Age)",0.12,0.52
优化后（d67b1ae）,d67b1ae,10000,log_glm,"get_ale2(Age, Tum)",0.1,0.13
优化后（d67b1ae）,d67b1ae,10000,log_glm,"get_ale2(Sex, Age)",0.12,0.13
优化后（d67b1ae）,d67b1ae,10000,log_rf,get_exp(),1.05,NA
优化后（d67b1ae）,d67b1ae,10000,log_rf,get_vpd(Age),0.53,0.68
优化后（d67b1ae）,d67b1ae,10000,log_rf,get_vpd(T_stage),0.39,0.59
优化后（d67b1ae）,d67b1ae,10000,log_rf,"get_vpd(Sex, Age)",0.43,0.54
优化后（d67b1ae）,d67b1ae,10000,log_rf,get_ale(Age),0.36,0.34
优化后（d67b1ae）,d67b1ae,10000,log_rf,get_ale(T_stage),0.68,0.54
优化后（d67b1ae）,d67b1ae,10000,log_rf,"get_ale(Sex, Age)",0.61,0.39
优化后（d67b1ae）,d67b1ae,10000,log_rf,"get_ale2(Age, Tum)",0.76,0.15
优化后（d67b1ae）,d67b1ae,10000,log_rf,"get_ale2(Sex, Age)",1,0.15
优化后（d67b1ae）,d67b1ae,10000,log_xgb,get_exp(),0.83,NA
优化后（d67b1ae）,d67b1ae,10000,log_xgb,get_vpd(Age),0.26,0.49
优化后（d67b1ae）,d67b1ae,10000,log_xgb,get_vpd(T_stage),0.26,0.5
优化后（d67b1ae）,d67b1ae,10000,log_xgb,"get_vpd(Sex, Age)",0.31,0.49
优化后（d67b1ae）,d67b1ae,10000,log_xgb,get_ale(Age),0.23,0.29
优化后（d67b1ae）,d67b1ae,10000,log_xgb,get_ale(T_stage),0.35,0.29
优化后（d67b1ae）,d67b1ae,10000,log_xgb,"get_ale(Sex, Age)",0.32,0.34
优化后（d67b1ae）,d67b1ae,10000,log_xgb,"get_ale2(Age, Tum)",0.42,0.12
优化后（d67b1ae）,d67b1ae,10000,log_xgb,"get_ale2(Sex, Age)",0.6,0.12
优化后（d67b1ae）,d67b1ae,50000,sur_cox,get_exp(),0.3,NA
优化后（d67b1ae）,d67b1ae,50000,sur_cox,get_vpd(Age),0.14,2.1
优化后（d67b1ae）,d67b1ae,50000,sur_cox,get_vpd(T_stage),0.18,0.46
优化后（d67b1ae）,d67b1ae,50000,sur_cox,"get_vpd(Sex, Age)",0.34,0.63
优化后（d67b1ae）,d67b1ae,50000,sur_cox,get_ale(Age),0.18,0.7
优化后（d67b1ae）,d67b1ae,50000,sur_cox,get_ale(T_stage),0.19,0.29
优化后（d67b1ae）,d67b1ae,50000,sur_cox,"get_ale(Sex, Age)",0.26,1.16
优化后（d67b1ae）,d67b1ae,50000,sur_cox,"get_ale2(Age, Tum)",0.18,0.1
优化后（d67b1ae）,d67b1ae,50000,sur_cox,"get_ale2(Sex, Age)",0.26,0.08
优化后（d67b1ae）,d67b1ae,50000,sur_rf,get_exp(),6.02,NA
优化后（d67b1ae）,d67b1ae,50000,sur_rf,get_vpd(Age),0.33,0.74
优化后（d67b1ae）,d67b1ae,50000,sur_rf,get_vpd(T_stage),0.3,0.42
优化后（d67b1ae）,d67b1ae,50000,sur_rf,"get_vpd(Sex, Age)",9.86,0.63
优化后（d67b1ae）,d67b1ae,50000,sur_rf,get_ale(Age),0.44,0.57
优化后（d67b1ae）,d67b1ae,50000,sur_rf,get_ale(T_stage),0.47,0.29
优化后（d67b1ae）,d67b1ae,50000,sur_rf,"get_ale(Sex, Age)",0.82,0.51
优化后（d67b1ae）,d67b1ae,50000,sur_rf,"get_ale2(Age, Tum)",0.55,0.09
优化后（d67b1ae）,d67b1ae,50000,sur_rf,"get_ale2(Sex, Age)",0.75,0.09
优化后（d67b1ae）,d67b1ae,50000,sur_xgb,get_exp(),1.67,NA
优化后（d67b1ae）,d67b1ae,50000,sur_xgb,get_vpd(Age),0.6,0.64
优化后（d67b1ae）,d67b1ae,50000,sur_xgb,get_vpd(T_stage),0.57,0.42
优化后（d67b1ae）,d67b1ae,50000,sur_xgb,"get_vpd(Sex, Age)",3.15,0.57
优化后（d67b1ae）,d67b1ae,50000,sur_xgb,get_ale(Age),0.83,0.56
优化后（d67b1ae）,d67b1ae,50000,sur_xgb,get_ale(T_stage),0.83,0.28
优化后（d67b1ae）,d67b1ae,50000,sur_xgb,"get_ale(Sex, Age)",2.11,0.53
优化后（d67b1ae）,d67b1ae,50000,sur_xgb,"get_ale2(Age, Tum)",1.76,0.13
优化后（d67b1ae）,d67b1ae,50000,sur_xgb,"get_ale2(Sex, Age)",2.33,0.08
优化后（d67b1ae）,d67b1ae,50000,log_glm,get_exp(),0.17,NA
优化后（d67b1ae）,d67b1ae,50000,log_glm,get_vpd(Age),0.1,0.83
优化后（d67b1ae）,d67b1ae,50000,log_glm,get_vpd(T_stage),0.15,0.5
优化后（d67b1ae）,d67b1ae,50000,log_glm,"get_vpd(Sex, Age)",0.11,0.7
优化后（d67b1ae）,d67b1ae,50000,log_glm,get_ale(Age),0.08,0.68
优化后（d67b1ae）,d67b1ae,50000,log_glm,get_ale(T_stage),0.16,0.37
优化后（d67b1ae）,d67b1ae,50000,log_glm,"get_ale(Sex, Age)",0.1,0.57
优化后（d67b1ae）,d67b1ae,50000,log_glm,"get_ale2(Age, Tum)",0.17,0.1
优化后（d67b1ae）,d67b1ae,50000,log_glm,"get_ale2(Sex, Age)",0.1,0.09
优化后（d67b1ae）,d67b1ae,50000,log_rf,get_exp(),2.47,NA
优化后（d67b1ae）,d67b1ae,50000,log_rf,get_vpd(Age),0.47,0.87
优化后（d67b1ae）,d67b1ae,50000,log_rf,get_vpd(T_stage),0.33,0.52
优化后（d67b1ae）,d67b1ae,50000,log_rf,"get_vpd(Sex, Age)",0.44,1.34
优化后（d67b1ae）,d67b1ae,50000,log_rf,get_ale(Age),0.41,0.68
优化后（d67b1ae）,d67b1ae,50000,log_rf,get_ale(T_stage),0.57,0.3
优化后（d67b1ae）,d67b1ae,50000,log_rf,"get_ale(Sex, Age)",0.75,0.59
优化后（d67b1ae）,d67b1ae,50000,log_rf,"get_ale2(Age, Tum)",0.79,0.09
优化后（d67b1ae）,d67b1ae,50000,log_rf,"get_ale2(Sex, Age)",1.04,0.09
优化后（d67b1ae）,d67b1ae,50000,log_xgb,get_exp(),1.7,NA
优化后（d67b1ae）,d67b1ae,50000,log_xgb,get_vpd(Age),0.25,0.72
优化后（d67b1ae）,d67b1ae,50000,log_xgb,get_vpd(T_stage),0.24,0.63
优化后（d67b1ae）,d67b1ae,50000,log_xgb,"get_vpd(Sex, Age)",0.27,0.73
优化后（d67b1ae）,d67b1ae,50000,log_xgb,get_ale(Age),0.28,0.64
优化后（d67b1ae）,d67b1ae,50000,log_xgb,get_ale(T_stage),0.28,0.29
优化后（d67b1ae）,d67b1ae,50000,log_xgb,"get_ale(Sex, Age)",0.37,0.57
优化后（d67b1ae）,d67b1ae,50000,log_xgb,"get_ale2(Age, Tum)",0.38,0.1
优化后（d67b1ae）,d67b1ae,50000,log_xgb,"get_ale2(Sex, Age)",0.52,0.08
优化后（d67b1ae）,d67b1ae,100000,sur_cox,get_exp(),1.06,NA
优化后（d67b1ae）,d67b1ae,100000,sur_cox,get_vpd(Age),0.2,3.42
优化后（d67b1ae）,d67b1ae,100000,sur_cox,get_vpd(T_stage),0.27,0.53
优化后（d67b1ae）,d67b1ae,100000,sur_cox,"get_vpd(Sex, Age)",0.54,0.91
优化后（d67b1ae）,d67b1ae,100000,sur_cox,get_ale(Age),0.2,1.48
优化后（d67b1ae）,d67b1ae,100000,sur_cox,get_ale(T_stage),0.22,0.34
优化后（d67b1ae）,d67b1ae,100000,sur_cox,"get_ale(Sex, Age)",0.35,0.91
优化后（d67b1ae）,d67b1ae,100000,sur_cox,"get_ale2(Age, Tum)",0.21,0.09
优化后（d67b1ae）,d67b1ae,100000,sur_cox,"get_ale2(Sex, Age)",0.38,0.09
优化后（d67b1ae）,d67b1ae,100000,sur_rf,get_exp(),7.44,NA
优化后（d67b1ae）,d67b1ae,100000,sur_rf,get_vpd(Age),0.29,1
优化后（d67b1ae）,d67b1ae,100000,sur_rf,get_vpd(T_stage),0.34,0.46
优化后（d67b1ae）,d67b1ae,100000,sur_rf,"get_vpd(Sex, Age)",11.99,0.8
优化后（d67b1ae）,d67b1ae,100000,sur_rf,get_ale(Age),0.44,0.98
优化后（d67b1ae）,d67b1ae,100000,sur_rf,get_ale(T_stage),0.47,0.34
优化后（d67b1ae）,d67b1ae,100000,sur_rf,"get_ale(Sex, Age)",0.86,0.83
优化后（d67b1ae）,d67b1ae,100000,sur_rf,"get_ale2(Age, Tum)",0.55,0.09
优化后（d67b1ae）,d67b1ae,100000,sur_rf,"get_ale2(Sex, Age)",0.79,0.09
优化后（d67b1ae）,d67b1ae,100000,sur_xgb,get_exp(),2.43,NA
优化后（d67b1ae）,d67b1ae,100000,sur_xgb,get_vpd(Age),0.74,0.89
优化后（d67b1ae）,d67b1ae,100000,sur_xgb,get_vpd(T_stage),0.76,0.56
优化后（d67b1ae）,d67b1ae,100000,sur_xgb,"get_vpd(Sex, Age)",4.54,0.89
优化后（d67b1ae）,d67b1ae,100000,sur_xgb,get_ale(Age),1.27,1.49
优化后（d67b1ae）,d67b1ae,100000,sur_xgb,get_ale(T_stage),1.23,0.31
优化后（d67b1ae）,d67b1ae,100000,sur_xgb,"get_ale(Sex, Age)",2.42,1
优化后（d67b1ae）,d67b1ae,100000,sur_xgb,"get_ale2(Age, Tum)",1.51,0.1
优化后（d67b1ae）,d67b1ae,100000,sur_xgb,"get_ale2(Sex, Age)",4.18,0.08
优化后（d67b1ae）,d67b1ae,100000,log_glm,get_exp(),0.32,NA
优化后（d67b1ae）,d67b1ae,100000,log_glm,get_vpd(Age),0.12,2.16
优化后（d67b1ae）,d67b1ae,100000,log_glm,get_vpd(T_stage),0.14,0.47
优化后（d67b1ae）,d67b1ae,100000,log_glm,"get_vpd(Sex, Age)",0.17,1.15
优化后（d67b1ae）,d67b1ae,100000,log_glm,get_ale(Age),0.09,1.75
优化后（d67b1ae）,d67b1ae,100000,log_glm,get_ale(T_stage),0.15,0.35
优化后（d67b1ae）,d67b1ae,100000,log_glm,"get_ale(Sex, Age)",0.11,1.15
优化后（d67b1ae）,d67b1ae,100000,log_glm,"get_ale2(Age, Tum)",0.08,0.1
优化后（d67b1ae）,d67b1ae,100000,log_glm,"get_ale2(Sex, Age)",0.09,0.09
优化后（d67b1ae）,d67b1ae,100000,log_rf,get_exp(),4.74,NA
优化后（d67b1ae）,d67b1ae,100000,log_rf,get_vpd(Age),0.55,2.24
优化后（d67b1ae）,d67b1ae,100000,log_rf,get_vpd(T_stage),0.36,0.44
优化后（d67b1ae）,d67b1ae,100000,log_rf,"get_vpd(Sex, Age)",0.46,1.19
优化后（d67b1ae）,d67b1ae,100000,log_rf,get_ale(Age),0.44,1.96
优化后（d67b1ae）,d67b1ae,100000,log_rf,get_ale(T_stage),0.64,0.37
优化后（d67b1ae）,d67b1ae,100000,log_rf,"get_ale(Sex, Age)",0.84,1.03
优化后（d67b1ae）,d67b1ae,100000,log_rf,"get_ale2(Age, Tum)",0.83,0.11
优化后（d67b1ae）,d67b1ae,100000,log_rf,"get_ale2(Sex, Age)",1.32,0.1
优化后（d67b1ae）,d67b1ae,100000,log_xgb,get_exp(),2.77,NA
优化后（d67b1ae）,d67b1ae,100000,log_xgb,get_vpd(Age),0.3,1.45
优化后（d67b1ae）,d67b1ae,100000,log_xgb,get_vpd(T_stage),0.2,0.49
优化后（d67b1ae）,d67b1ae,100000,log_xgb,"get_vpd(Sex, Age)",0.3,1.91
优化后（d67b1ae）,d67b1ae,100000,log_xgb,get_ale(Age),0.21,1.14
优化后（d67b1ae）,d67b1ae,100000,log_xgb,get_ale(T_stage),0.34,0.38
优化后（d67b1ae）,d67b1ae,100000,log_xgb,"get_ale(Sex, Age)",0.37,0.88
优化后（d67b1ae）,d67b1ae,100000,log_xgb,"get_ale2(Age, Tum)",0.36,0.1
优化后（d67b1ae）,d67b1ae,100000,log_xgb,"get_ale2(Sex, Age)",0.51,0.11
