change,version,round,n,call,seconds
8ce2273,old,1,50000,get_exp(),14.53
8ce2273,old,1,50000,get_vpd(Age),2.24
8ce2273,old,1,50000,get_vpd(T_stage),1.90
8ce2273,old,1,50000,"get_vpd(Sex, Age)",30.14
8ce2273,old,1,50000,get_ale(Age),2.78
8ce2273,old,1,50000,get_ale(T_stage),2.62
8ce2273,old,1,50000,"get_ale(Sex, Age)",5.22
8ce2273,old,1,50000,"get_ale2(Age, Tum)",3.76
8ce2273,old,1,50000,"get_ale2(Sex, Age)",6.72
8ce2273,new,1,50000,get_exp(),14.12
8ce2273,new,1,50000,get_vpd(Age),0.76
8ce2273,new,1,50000,get_vpd(T_stage),0.63
8ce2273,new,1,50000,"get_vpd(Sex, Age)",20.66
8ce2273,new,1,50000,get_ale(Age),0.97
8ce2273,new,1,50000,get_ale(T_stage),0.99
8ce2273,new,1,50000,"get_ale(Sex, Age)",1.81
8ce2273,new,1,50000,"get_ale2(Age, Tum)",1.24
8ce2273,new,1,50000,"get_ale2(Sex, Age)",1.99
8ce2273,old,2,50000,get_exp(),15.68
8ce2273,old,2,50000,get_vpd(Age),2.75
8ce2273,old,2,50000,get_vpd(T_stage),2.18
8ce2273,old,2,50000,"get_vpd(Sex, Age)",36.04
8ce2273,old,2,50000,get_ale(Age),2.90
8ce2273,old,2,50000,get_ale(T_stage),2.75
8ce2273,old,2,50000,"get_ale(Sex, Age)",5.27
8ce2273,old,2,50000,"get_ale2(Age, Tum)",3.88
8ce2273,old,2,50000,"get_ale2(Sex, Age)",6.33
8ce2273,new,2,50000,get_exp(),12.92
8ce2273,new,2,50000,get_vpd(Age),0.71
8ce2273,new,2,50000,get_vpd(T_stage),0.66
8ce2273,new,2,50000,"get_vpd(Sex, Age)",21.04
8ce2273,new,2,50000,get_ale(Age),1.07
8ce2273,new,2,50000,get_ale(T_stage),1.10
8ce2273,new,2,50000,"get_ale(Sex, Age)",2.10
8ce2273,new,2,50000,"get_ale2(Age, Tum)",1.41
8ce2273,new,2,50000,"get_ale2(Sex, Age)",2.23
03c5605,old,1,100000,get_exp(),16.24
03c5605,old,1,100000,get_vpd(Age),0.65
03c5605,old,1,100000,"get_vpd(Sex, Age)",27.22
03c5605,old,1,100000,get_ale(Age),1.85
03c5605,old,1,100000,"get_ale(Sex, Age)",2.67
03c5605,old,1,100000,"get_ale2(Sex, Age)",2.31
03c5605,new,1,100000,get_exp(),13.45
03c5605,new,1,100000,get_vpd(Age),0.44
03c5605,new,1,100000,"get_vpd(Sex, Age)",20.10
03c5605,new,1,100000,get_ale(Age),0.61
03c5605,new,1,100000,"get_ale(Sex, Age)",1.33
03c5605,new,1,100000,"get_ale2(Sex, Age)",1.17
03c5605,old,2,100000,get_exp(),22.87
03c5605,old,2,100000,get_vpd(Age),0.74
03c5605,old,2,100000,"get_vpd(Sex, Age)",39.88
03c5605,old,2,100000,get_ale(Age),1.80
03c5605,old,2,100000,"get_ale(Sex, Age)",2.56
03c5605,old,2,100000,"get_ale2(Sex, Age)",2.69
03c5605,new,2,100000,get_exp(),10.32
03c5605,new,2,100000,get_vpd(Age),0.78
03c5605,new,2,100000,"get_vpd(Sex, Age)",16.78
03c5605,new,2,100000,get_ale(Age),0.57
03c5605,new,2,100000,"get_ale(Sex, Age)",1.02
03c5605,new,2,100000,"get_ale2(Sex, Age)",1.36
