batch,n,setting,sec,peak_mb,rows,s120_g1,ci_low,ci_high,identical_to_baseline
grid,8000,all_event_times,35.20,3012,1595,0.9756,0.9682,0.9830,
grid,8000,allContrasts_1pair,1.07,1060,290,0.9756,0.9682,0.9830,
grid,8000,times_by_6,5.73,1095,451,0.9756,0.9682,0.9830,
grid,8000,times_by_12,3.44,761,231,0.9756,0.9682,0.9830,
grid,30000,all_event_times,144.77,13588,1738,0.9728,0.9687,0.9770,
grid,30000,allContrasts_1pair,5.25,3591,316,0.9728,0.9687,0.9770,
grid,30000,times_by_6,18.06,3822,451,0.9728,0.9687,0.9770,
grid,30000,times_by_12,9.95,2059,231,0.9728,0.9687,0.9770,
contrast,8000,all_pairs_default,40.6,,1595,,,,
contrast,8000,ref_vs_each_10pairs,7.67,,1595,,,,TRUE (max abs diff surv/se/ci = 0)
