run,n,cell,sec,peak_mb,status
pilot,4387,curve_unadj,0.169999999999998,402.9,ok
pilot,4387,curve_direct,17.38,2413.6,ok
pilot,4387,HR_unadj,0.0399999999999991,383.4,ok
pilot,4387,HR_direct,0.0499999999999972,386.8,ok
pilot,4387,SP_unadj,0.0800000000000054,420.5,ok
pilot,4387,SP_direct,1.36,695.1,ok
pilot,4387,get_cat_total,18.34,2234.2,ok
main,4387,curve_unadj,1.53,256.1,ok
main,4387,curve_direct,18.94,2187.4,ok
main,4387,HR_unadj,0.170000000000002,393.9,ok
main,4387,HR_direct,0.0500000000000007,337.5,ok
main,4387,SP_unadj,0.110000000000003,383.9,ok
main,4387,SP_direct,1.32,663.1,ok
main,4387,as_direct_CI,16.82,2053.4,ok
main,4387,as_direct_noCI,0.649999999999999,894.5,ok
main,8000,curve_unadj,0.130000000000003,443.3,ok
main,8000,curve_direct,26.58,3134.5,ok
main,8000,HR_unadj,0.0700000000000074,379,ok
main,8000,HR_direct,0.039999999999992,382.9,ok
main,8000,SP_unadj,0.0799999999999983,413,ok
main,8000,SP_direct,1.55,793.6,ok
main,8000,as_direct_CI,25.59,3194.8,ok
main,8000,as_direct_noCI,1.08,1249.6,ok
main,15000,curve_unadj,0.159999999999997,487,ok
main,15000,curve_direct,64.64,6802.1,ok
main,15000,HR_unadj,0.109999999999985,494.2,ok
main,15000,HR_direct,0.0800000000000125,498.9,ok
main,15000,SP_unadj,0.129999999999995,522.9,ok
main,15000,SP_direct,2.31999999999999,1186.8,ok
main,15000,as_direct_CI,54.26,7022.3,ok
main,15000,as_direct_noCI,1.78999999999999,2105.5,ok
main,30000,curve_unadj,1.58,316.2,ok
main,30000,curve_direct,159.56,11504.1,ok
main,30000,HR_unadj,0.219999999999999,786.3,ok
main,30000,HR_direct,0.140000000000015,736.3,ok
main,30000,SP_unadj,0.150000000000006,759.4,ok
main,30000,SP_direct,3.78,1768.2,ok
main,30000,as_direct_noCI,3.33000000000001,1980.9,ok
main,50000,curve_unadj,0.169999999999987,833.6,ok
main,50000,curve_direct,262.16,19013.5,ok
main,50000,HR_unadj,0.25,1037.9,ok
main,50000,HR_direct,0.20999999999998,1046.2,ok
main,50000,SP_unadj,0.150000000000034,1038.2,ok
main,50000,SP_direct,6.06999999999999,2813.9,ok
main,50000,as_direct_noCI,6.66999999999996,3833.8,ok
main,100000,curve_unadj,1.69,277.8,ok
main,100000,HR_unadj,0.73,294.1,ok
main,100000,HR_direct,0.720000000000001,288.6,ok
main,100000,SP_unadj,0.5,325.8,ok
main,100000,SP_direct,14.22,905.7,ok
main,100000,as_direct_noCI,15.32,4560,ok
