part,case,n,setting,sec,peak_mb,n_times,rows,max_diff_kept,dev_est,dev_ci_lower,dev_ci_upper
A_cox_getcat,cox11,4387,before,23.34,,,,,,,
A_cox_getcat,cox11,4387,after,10.84,,,,0,,,
A_cox_getcat,cox11,30000,before,171.00,,,,,,,
A_cox_getcat,cox11,30000,after,50.32,,,,0,,,
A_cox_getcat,sex2,4387,before,1.35,,,,,,,
A_cox_getcat,sex2,4387,after,1.30,,,,0,,,
B_grid_eval,cox11,4387,full,8.80,815,158,,,,,
B_grid_eval,cox11,4387,thin50,1.96,530,50,,0,0.0079,0.0094,0.0064
B_grid_eval,cox11,4387,even50,1.71,612,50,,0,0.0134,0.0203,0.0103
B_grid_eval,cox11,4387,even25,1.16,474,25,,0,0.0203,0.0304,0.0101
B_grid_eval,cox11,30000,full,44.82,4018,158,,,,,
B_grid_eval,cox11,30000,thin50,9.17,1673,50,,0,0.0109,0.0116,0.0105
B_grid_eval,cox11,30000,even50,9.37,2190,50,,0,0.0131,0.0149,0.0117
B_grid_eval,cox11,30000,even25,5.64,1132,25,,0,0.0211,0.0249,0.0173
B_grid_eval,cox11,50000,full,76.17,5996,158,,,,,
B_grid_eval,cox11,50000,thin50,15.21,2857,50,,0,0.0080,0.0084,0.0076
B_grid_eval,cox11,50000,even50,15.23,3193,50,,0,0.0123,0.0148,0.0117
B_grid_eval,cox11,50000,even25,10.06,1586,25,,0,0.0197,0.0227,0.0166
B_getcat,cox11,4387,before,6.08,,158,,,,,
B_getcat,cox11,4387,after,6.72,,50,,0,0.0079,0.0094,0.0064
B_getcat,cox11,30000,before,48.83,,158,,,,,
B_getcat,cox11,30000,after,14.25,,50,,0,0.0109,0.0116,0.0105
B_getcat,csc11,4387,before,32.25,,227,,,,,
B_getcat,csc11,4387,after,9.73,,50,,0,0.0095,0.0079,0.0111
B_getcat,fgr11,4387,before,69.48,,227,,,,,
B_getcat,fgr11,4387,after,70.16,,50,,0,0.0083,,
A_csc_adjustedcif,csc11,4387,full_all_pairs,28.58,2972,227,2497,,,,
A_csc_adjustedcif,csc11,4387,full_ref_vs_each,7.64,1733,227,2497,0,,,
A_csc_adjustedcif,csc11,4387,grid50_all_pairs,4.75,848,50,550,,,,
A_csc_adjustedcif,csc11,4387,grid50_ref_vs_each,2.59,480,50,550,0,,,
A_csc_getcat,csc11,4387,before,10.05,,50,,,,,
A_csc_getcat,csc11,4387,after,5.83,,50,,0,,,
A_csc_getcat,csc11,30000,before,102.34,,50,,,,,
A_csc_getcat,csc11,30000,after,93.42,,50,,0,,,
csc30k_parts,csc11,30000,curve_AJ_unadj,1.67,,,,,,,
csc30k_parts,csc11,30000,curve_CSC_direct,21.26,,,,,,,
csc30k_parts,csc11,30000,HR_crr_unadj,26.61,,,,,,,
csc30k_parts,csc11,30000,HR_crr_direct,29.57,,,,,,,
csc30k_parts,csc11,30000,CIF120_unadj,0.14,,,,,,,
csc30k_parts,csc11,30000,CIF120_CSC,10.95,,,,,,,
